Timestamp,Sensor 1,Sensor 2,Sensor 3,Sensor 4
2024-12-18 23:44:13,19.0,0,0,0
2024-12-18 23:44:18,19.0,0,0,0
2024-12-18 23:44:23,19.0,0,0,0
2024-12-18 23:44:28,19.0,0,0,0
2024-12-18 23:44:33,19.0,0,0,0
2024-12-18 23:44:38,19.0,0,0,0
2024-12-18 23:44:44,19.0,0,0,0
2024-12-18 23:44:49,19.0,0,0,0
2024-12-18 23:44:54,19.0,0,0,0
2024-12-18 23:44:59,19.0,0,0,0
2024-12-18 23:45:04,19.0,0,0,0
2024-12-18 23:45:09,19.0,0,0,0
2024-12-18 23:45:15,19.0,0,0,0
2024-12-18 23:45:20,19.0,0,0,0
2024-12-18 23:45:25,19.0,0,0,0
2024-12-18 23:45:30,19.1,0,0,0
2024-12-18 23:45:35,19.1,0,0,0
2024-12-18 23:45:41,19.1,0,0,0
2024-12-18 23:45:46,19.2,0,0,0
2024-12-18 23:45:51,19.1,0,0,0
2024-12-18 23:45:56,19.2,0,0,0
2024-12-18 23:46:01,19.1,0,0,0
2024-12-18 23:46:06,19.1,0,0,0
2024-12-18 23:46:12,19.1,0,0,0
2024-12-18 23:46:17,19.1,0,0,0
2024-12-18 23:46:22,19.1,0,0,0
2024-12-18 23:46:27,18.7,0,0,0
2024-12-18 23:46:32,19.1,0,0,0
2024-12-18 23:46:37,19.1,0,0,0
2024-12-18 23:46:43,19.0,0,0,0
2024-12-18 23:46:48,19.0,0,0,0
2024-12-18 23:46:53,19.0,0,0,0
2024-12-18 23:46:58,19.0,0,0,0
2024-12-18 23:47:03,19.0,0,0,0
2024-12-18 23:47:08,19.1,0,0,0
2024-12-18 23:47:14,19.1,0,0,0
2024-12-18 23:47:19,19.1,0,0,0
2024-12-18 23:47:24,19.1,0,0,0
2024-12-18 23:47:29,19.1,0,0,0
2024-12-18 23:47:34,19.2,0,0,0
2024-12-18 23:47:39,19.1,0,0,0
2024-12-18 23:47:45,19.1,0,0,0
2024-12-18 23:47:50,19.1,0,0,0
2024-12-18 23:47:55,19.1,0,0,0
2024-12-18 23:48:00,19.1,0,0,0
2024-12-18 23:48:05,19.1,0,0,0
2024-12-18 23:48:11,19.1,0,0,0
2024-12-18 23:48:16,19.1,0,0,0
2024-12-18 23:48:21,19.1,0,0,0
2024-12-18 23:48:26,19.1,0,0,0
2024-12-18 23:48:31,19.1,0,0,0
2024-12-18 23:48:36,19.1,0,0,0
2024-12-18 23:48:42,19.0,0,0,0
2024-12-18 23:48:47,19.0,0,0,0
2024-12-18 23:48:52,19.0,0,0,0
2024-12-18 23:48:57,18.9,0,0,0
2024-12-18 23:49:02,19.1,0,0,0
2024-12-18 23:49:07,19.1,0,0,0
2024-12-18 23:49:13,19.1,0,0,0
2024-12-18 23:49:18,19.1,0,0,0
2024-12-18 23:49:23,19.1,0,0,0
2024-12-18 23:49:28,19.1,0,0,0
2024-12-18 23:49:33,19.1,0,0,0
2024-12-18 23:49:38,19.1,0,0,0
2024-12-18 23:49:44,19.1,0,0,0
2024-12-18 23:49:49,19.0,0,0,0
2024-12-18 23:49:54,19.0,0,0,0
2024-12-18 23:49:59,19.0,0,0,0
2024-12-18 23:50:04,19.0,0,0,0
2024-12-18 23:50:09,19.0,0,0,0
2024-12-18 23:50:14,18.7,0,0,0
2024-12-18 23:50:20,19.0,0,0,0
2024-12-18 23:50:25,19.0,0,0,0
2024-12-18 23:50:30,19.0,0,0,0
2024-12-18 23:50:35,19.0,0,0,0
2024-12-18 23:50:40,19.0,0,0,0
2024-12-18 23:50:46,19.0,0,0,0
2024-12-18 23:50:51,19.0,0,0,0
2024-12-18 23:50:56,19.0,0,0,0
2024-12-18 23:51:01,19.0,0,0,0
2024-12-18 23:51:06,19.0,0,0,0
2024-12-18 23:51:11,19.0,0,0,0
2024-12-18 23:51:16,19.0,0,0,0
2024-12-18 23:51:22,19.0,0,0,0
2024-12-18 23:51:27,19.0,0,0,0
2024-12-18 23:51:32,18.8,0,0,0
2024-12-18 23:51:37,19.1,0,0,0
2024-12-18 23:51:42,19.1,0,0,0
2024-12-18 23:51:48,19.1,0,0,0
2024-12-18 23:51:53,19.1,0,0,0
2024-12-18 23:51:58,19.1,0,0,0
2024-12-18 23:52:03,19.1,0,0,0
2024-12-18 23:52:08,19.1,0,0,0
2024-12-18 23:52:13,18.7,0,0,0
2024-12-18 23:52:19,19.0,0,0,0
2024-12-18 23:52:24,19.0,0,0,0
2024-12-18 23:52:29,19.0,0,0,0
2024-12-18 23:52:34,19.0,0,0,0
2024-12-18 23:52:39,19.0,0,0,0
2024-12-18 23:52:44,19.0,0,0,0
2024-12-18 23:52:50,19.0,0,0,0
2024-12-18 23:52:55,18.9,0,0,0
2024-12-18 23:53:00,19.1,0,0,0
2024-12-18 23:53:05,19.1,0,0,0
2024-12-18 23:53:10,19.1,0,0,0
2024-12-18 23:53:15,19.1,0,0,0
2024-12-18 23:53:20,19.1,0,0,0
2024-12-18 23:53:26,19.1,0,0,0
2024-12-18 23:53:31,19.1,0,0,0
2024-12-18 23:53:36,19.1,0,0,0
2024-12-18 23:53:41,19.1,0,0,0
2024-12-18 23:53:46,19.1,0,0,0
2024-12-18 23:53:51,19.1,0,0,0
2024-12-18 23:53:57,19.1,0,0,0
2024-12-18 23:54:02,18.8,0,0,0
2024-12-18 23:54:07,19.1,0,0,0
2024-12-18 23:54:12,19.1,0,0,0
2024-12-18 23:54:17,19.1,0,0,0
2024-12-18 23:54:22,19.1,0,0,0
2024-12-18 23:54:28,19.1,0,0,0
2024-12-18 23:54:33,19.0,0,0,0
2024-12-18 23:54:38,19.0,0,0,0
2024-12-18 23:54:43,19.1,0,0,0
2024-12-18 23:54:48,19.1,0,0,0
2024-12-18 23:54:54,19.1,0,0,0
2024-12-18 23:54:59,19.1,0,0,0
2024-12-18 23:55:04,19.0,0,0,0
2024-12-18 23:55:09,19.0,0,0,0
2024-12-18 23:55:14,19.0,0,0,0
2024-12-18 23:55:19,19.1,0,0,0
2024-12-18 23:55:25,19.1,0,0,0
2024-12-18 23:55:30,19.1,0,0,0
2024-12-18 23:55:35,19.1,0,0,0
2024-12-18 23:55:40,19.1,0,0,0
2024-12-18 23:55:45,19.0,0,0,0
2024-12-18 23:55:50,19.0,0,0,0
2024-12-18 23:55:56,19.0,0,0,0
2024-12-18 23:56:01,19.0,0,0,0
2024-12-18 23:56:06,19.0,0,0,0
2024-12-18 23:56:11,19.3,0,0,0
2024-12-18 23:56:16,19.4,0,0,0
2024-12-18 23:56:21,19.4,0,0,0
2024-12-18 23:56:27,19.4,0,0,0
2024-12-18 23:56:32,19.4,0,0,0
2024-12-18 23:56:37,19.5,0,0,0
2024-12-18 23:56:42,19.5,0,0,0
2024-12-18 23:56:47,19.6,0,0,0
2024-12-18 23:56:52,19.7,0,0,0
2024-12-18 23:56:57,19.8,0,0,0
2024-12-18 23:57:03,19.8,0,0,0
2024-12-18 23:57:08,19.8,0,0,0
2024-12-18 23:57:13,19.6,0,0,0
2024-12-18 23:57:18,19.6,0,0,0
2024-12-18 23:57:23,19.6,0,0,0
2024-12-18 23:57:29,19.6,0,0,0
2024-12-18 23:57:34,19.6,0,0,0
2024-12-18 23:57:39,19.6,0,0,0
2024-12-18 23:57:44,19.5,0,0,0
2024-12-18 23:57:49,19.3,0,0,0
2024-12-18 23:57:54,19.4,0,0,0
2024-12-18 23:58:00,19.4,0,0,0
2024-12-18 23:58:05,19.2,0,0,0
2024-12-18 23:58:10,18.8,0,0,0
2024-12-18 23:58:15,19.4,0,0,0
2024-12-18 23:58:20,19.4,0,0,0
2024-12-18 23:58:25,19.1,0,0,0
2024-12-18 23:58:31,19.2,0,0,0
2024-12-18 23:58:36,19.4,0,0,0
2024-12-18 23:58:41,19.4,0,0,0
2024-12-18 23:58:46,19.4,0,0,0
2024-12-18 23:58:51,19.4,0,0,0
2024-12-18 23:58:56,19.3,0,0,0
2024-12-18 23:59:02,19.3,0,0,0
2024-12-18 23:59:07,19.3,0,0,0
2024-12-18 23:59:12,19.3,0,0,0
2024-12-18 23:59:17,19.3,0,0,0
2024-12-18 23:59:22,19.3,0,0,0
2024-12-18 23:59:27,19.3,0,0,0
2024-12-18 23:59:33,19.3,0,0,0
2024-12-18 23:59:38,19.3,0,0,0
2024-12-18 23:59:43,19.3,0,0,0
2024-12-18 23:59:48,19.2,0,0,0
2024-12-18 23:59:53,19.2,0,0,0
2024-12-18 23:59:58,19.2,0,0,0
2024-12-19 00:00:03,19.2,0,0,0
2024-12-19 00:00:09,19.2,0,0,0
2024-12-19 00:00:14,19.2,0,0,0
2024-12-19 00:00:19,19.3,0,0,0
2024-12-19 00:00:24,19.3,0,0,0
2024-12-19 00:00:29,19.3,0,0,0
2024-12-19 00:00:34,19.2,0,0,0
2024-12-19 00:00:40,19.2,0,0,0
2024-12-19 00:00:45,19.0,0,0,0
2024-12-19 00:00:50,19.1,0,0,0
2024-12-19 00:00:55,19.1,0,0,0
2024-12-19 00:01:00,19.1,0,0,0
2024-12-19 00:01:05,19.1,0,0,0
2024-12-19 00:01:11,19.1,0,0,0
2024-12-19 00:01:16,19.2,0,0,0
2024-12-19 00:01:21,19.1,0,0,0
2024-12-19 00:01:26,19.1,0,0,0
2024-12-19 00:01:31,19.1,0,0,0
2024-12-19 00:01:36,19.2,0,0,0
2024-12-19 00:01:42,19.2,0,0,0
2024-12-19 00:01:47,19.2,0,0,0
2024-12-19 00:01:52,19.1,0,0,0
2024-12-19 00:01:57,19.2,0,0,0
2024-12-19 00:02:02,19.1,0,0,0
2024-12-19 00:02:07,19.1,0,0,0
2024-12-19 00:02:13,19.0,0,0,0
2024-12-19 00:02:18,19.1,0,0,0
2024-12-19 00:02:23,19.2,0,0,0
2024-12-19 00:02:28,19.2,0,0,0
2024-12-19 00:02:33,19.2,0,0,0
2024-12-19 00:02:38,19.1,0,0,0
2024-12-19 00:02:44,19.0,0,0,0
2024-12-19 00:02:49,19.1,0,0,0
2024-12-19 00:02:54,19.1,0,0,0
2024-12-19 00:02:59,19.0,0,0,0
2024-12-19 00:03:04,18.8,0,0,0
2024-12-19 00:03:09,19.2,0,0,0
2024-12-19 00:03:15,19.3,0,0,0
2024-12-19 00:03:20,19.3,0,0,0
2024-12-19 00:03:25,19.3,0,0,0
2024-12-19 00:03:30,19.1,0,0,0
2024-12-19 00:03:35,19.1,0,0,0
2024-12-19 00:03:40,27.1,0,0,0
2024-12-19 00:03:46,32.6,0,0,0
2024-12-19 00:03:51,33.4,0,0,0
2024-12-19 00:03:56,33.7,0,0,0
2024-12-19 00:04:01,29.9,0,0,0
2024-12-19 00:04:06,26.3,0,0,0
2024-12-19 00:04:11,23.9,0,0,0
2024-12-19 00:04:17,22.4,0,0,0
2024-12-19 00:04:22,21.5,0,0,0
2024-12-19 00:04:27,20.8,0,0,0
2024-12-19 00:04:32,20.4,0,0,0
2024-12-19 00:04:37,20.1,0,0,0
2024-12-19 00:04:42,19.6,0,0,0
2024-12-19 00:04:48,19.4,0,0,0
2024-12-19 00:04:53,19.2,0,0,0
2024-12-19 00:04:58,19.2,0,0,0
2024-12-19 00:05:03,19.2,0,0,0
2024-12-19 00:05:08,19.1,0,0,0
2024-12-19 00:05:13,19.2,0,0,0
2024-12-19 00:05:19,19.0,0,0,0
2024-12-19 00:05:24,19.2,0,0,0
2024-12-19 00:05:29,19.2,0,0,0
2024-12-19 00:05:34,19.1,0,0,0
2024-12-19 00:05:39,19.2,0,0,0
2024-12-19 00:05:44,19.2,0,0,0
2024-12-19 00:05:50,19.1,0,0,0
2024-12-19 00:05:55,18.9,0,0,0
2024-12-19 00:06:00,19.0,0,0,0
2024-12-19 00:06:05,19.0,0,0,0
2024-12-19 00:06:10,19.0,0,0,0
2024-12-19 00:06:15,18.9,0,0,0
2024-12-19 00:06:21,19.0,0,0,0
2024-12-19 00:06:26,19.1,0,0,0
2024-12-19 00:06:31,19.1,0,0,0
2024-12-19 00:06:36,19.1,0,0,0
2024-12-19 00:06:41,18.9,0,0,0
2024-12-19 00:06:46,19.1,0,0,0
2024-12-19 00:06:52,19.1,0,0,0
2024-12-19 00:06:57,19.1,0,0,0
2024-12-19 00:07:02,19.0,0,0,0
2024-12-19 00:07:07,19.0,0,0,0
2024-12-19 00:07:12,19.1,0,0,0
2024-12-19 00:07:17,19.0,0,0,0
2024-12-19 00:07:23,19.0,0,0,0
2024-12-19 00:07:28,19.1,0,0,0
2024-12-19 00:07:33,19.0,0,0,0
2024-12-19 00:07:38,19.0,0,0,0
2024-12-19 00:07:43,19.0,0,0,0
2024-12-19 00:07:48,19.1,0,0,0
2024-12-19 00:07:54,19.0,0,0,0
2024-12-19 00:07:59,19.0,0,0,0
2024-12-19 00:08:04,19.0,0,0,0
2024-12-19 00:08:09,19.1,0,0,0
2024-12-19 00:08:14,19.1,0,0,0
2024-12-19 00:08:19,19.0,0,0,0
2024-12-19 00:08:25,19.0,0,0,0
2024-12-19 00:08:30,18.8,0,0,0
2024-12-19 00:08:35,19.0,0,0,0
2024-12-19 00:08:40,19.0,0,0,0
2024-12-19 00:08:45,19.0,0,0,0
2024-12-19 00:08:50,19.1,0,0,0
2024-12-19 00:08:56,19.0,0,0,0
2024-12-19 00:09:01,19.0,0,0,0
2024-12-19 00:09:06,19.1,0,0,0
2024-12-19 00:09:11,19.0,0,0,0
2024-12-19 00:09:16,19.0,0,0,0
2024-12-19 00:09:21,19.0,0,0,0
2024-12-19 00:09:27,19.0,0,0,0
2024-12-19 00:09:32,18.9,0,0,0
2024-12-19 00:09:37,19.0,0,0,0
2024-12-19 00:09:42,19.1,0,0,0
2024-12-19 00:09:47,19.0,0,0,0
2024-12-19 00:09:52,19.0,0,0,0
2024-12-19 00:09:58,19.0,0,0,0
2024-12-19 00:10:03,18.8,0,0,0
2024-12-19 00:10:08,19.0,0,0,0
2024-12-19 00:10:13,19.0,0,0,0
2024-12-19 00:10:18,18.9,0,0,0
2024-12-19 00:10:23,18.9,0,0,0
2024-12-19 00:10:29,18.9,0,0,0
2024-12-19 00:10:34,18.9,0,0,0
2024-12-19 00:10:39,18.9,0,0,0
2024-12-19 00:10:44,19.0,0,0,0
2024-12-19 00:10:49,19.0,0,0,0
2024-12-19 00:10:54,19.0,0,0,0
2024-12-19 00:11:00,19.0,0,0,0
2024-12-19 00:11:05,19.0,0,0,0
2024-12-19 00:11:10,19.1,0,0,0
2024-12-19 00:11:15,18.8,0,0,0
2024-12-19 00:11:20,19.0,0,0,0
2024-12-19 00:11:25,19.0,0,0,0
2024-12-19 00:11:31,19.0,0,0,0
2024-12-19 00:11:36,19.0,0,0,0
2024-12-19 00:11:41,19.0,0,0,0
2024-12-19 00:11:46,19.0,0,0,0
2024-12-19 00:11:51,18.9,0,0,0
2024-12-19 00:11:56,19.0,0,0,0
2024-12-19 00:12:01,19.0,0,0,0
2024-12-19 00:12:07,19.0,0,0,0
2024-12-19 00:12:12,19.0,0,0,0
2024-12-19 00:12:17,18.9,0,0,0
2024-12-19 00:12:22,19.0,0,0,0
2024-12-19 00:12:27,19.0,0,0,0
2024-12-19 00:12:33,19.0,0,0,0
2024-12-19 00:12:38,18.9,0,0,0
2024-12-19 00:12:43,18.9,0,0,0
2024-12-19 00:12:48,18.9,0,0,0
2024-12-19 00:12:53,19.0,0,0,0
2024-12-19 00:12:58,19.0,0,0,0
2024-12-19 00:13:03,18.9,0,0,0
2024-12-19 00:13:09,18.9,0,0,0
2024-12-19 00:13:14,18.9,0,0,0
2024-12-19 00:13:19,18.9,0,0,0
2024-12-19 00:13:24,18.9,0,0,0
2024-12-19 00:13:29,18.9,0,0,0
2024-12-19 00:13:34,18.9,0,0,0
2024-12-19 00:13:40,18.9,0,0,0
2024-12-19 00:13:45,19.0,0,0,0
2024-12-19 00:13:50,19.0,0,0,0
2024-12-19 00:13:55,18.9,0,0,0
2024-12-19 00:14:00,18.9,0,0,0
2024-12-19 00:14:05,19.0,0,0,0
2024-12-19 00:14:11,19.0,0,0,0
2024-12-19 00:14:16,18.9,0,0,0
2024-12-19 00:14:21,19.0,0,0,0
2024-12-19 00:14:26,19.1,0,0,0
2024-12-19 00:14:31,18.8,0,0,0
2024-12-19 00:14:36,19.0,0,0,0
2024-12-19 00:14:42,19.0,0,0,0
2024-12-19 00:14:47,19.0,0,0,0
2024-12-19 00:14:52,19.0,0,0,0
2024-12-19 00:14:57,19.0,0,0,0
2024-12-19 00:15:02,19.0,0,0,0
2024-12-19 00:15:08,19.5,0,0,0
2024-12-19 00:15:13,19.6,0,0,0
2024-12-19 00:15:18,19.5,0,0,0
2024-12-19 00:15:23,19.5,0,0,0
2024-12-19 00:15:28,19.6,0,0,0
2024-12-19 00:15:33,19.6,0,0,0
2024-12-19 00:15:39,19.5,0,0,0
2024-12-19 00:15:44,19.6,0,0,0
2024-12-19 00:15:49,19.6,0,0,0
2024-12-19 00:15:54,19.5,0,0,0
2024-12-19 00:15:59,19.5,0,0,0
2024-12-19 00:16:04,19.6,0,0,0
2024-12-19 00:16:10,19.5,0,0,0
2024-12-19 00:16:15,19.5,0,0,0
2024-12-19 00:16:20,19.6,0,0,0
2024-12-19 00:16:25,19.6,0,0,0
2024-12-19 00:16:30,19.5,0,0,0
2024-12-19 00:16:35,19.6,0,0,0
2024-12-19 00:16:41,19.6,0,0,0
2024-12-19 00:16:46,19.6,0,0,0
2024-12-19 00:16:51,19.6,0,0,0
2024-12-19 00:16:56,19.6,0,0,0
2024-12-19 00:17:01,19.6,0,0,0
2024-12-19 00:17:06,19.6,0,0,0
2024-12-19 00:17:12,19.7,0,0,0
2024-12-19 00:17:17,19.6,0,0,0
2024-12-19 00:17:22,19.6,0,0,0
2024-12-19 00:17:27,19.6,0,0,0
2024-12-19 00:17:32,19.6,0,0,0
2024-12-19 00:17:37,19.6,0,0,0
2024-12-19 00:17:43,19.6,0,0,0
2024-12-19 00:17:48,19.6,0,0,0
2024-12-19 00:17:53,19.7,0,0,0
2024-12-19 00:17:58,19.6,0,0,0
2024-12-19 00:18:03,19.6,0,0,0
2024-12-19 00:18:08,19.6,0,0,0
2024-12-19 00:18:14,19.5,0,0,0
2024-12-19 00:18:19,19.6,0,0,0
2024-12-19 00:18:24,19.6,0,0,0
2024-12-19 00:18:29,19.6,0,0,0
2024-12-19 00:18:34,19.5,0,0,0
2024-12-19 00:18:39,19.6,0,0,0
2024-12-19 00:18:45,19.6,0,0,0
2024-12-19 00:18:50,19.6,0,0,0
2024-12-19 00:18:55,19.6,0,0,0
2024-12-19 00:19:00,19.6,0,0,0
2024-12-19 00:19:05,19.5,0,0,0
2024-12-19 00:19:10,19.6,0,0,0
2024-12-19 00:19:16,19.6,0,0,0
2024-12-19 00:19:21,19.6,0,0,0
2024-12-19 00:19:26,19.6,0,0,0
2024-12-19 00:19:31,19.6,0,0,0
2024-12-19 00:19:36,19.6,0,0,0
2024-12-19 00:19:41,19.6,0,0,0
2024-12-19 00:19:47,19.6,0,0,0
2024-12-19 00:19:52,19.6,0,0,0
2024-12-19 00:19:57,19.6,0,0,0
2024-12-19 00:20:02,19.6,0,0,0
2024-12-19 00:20:07,19.6,0,0,0
2024-12-19 00:20:12,19.6,0,0,0
2024-12-19 00:20:18,19.6,0,0,0
2024-12-19 00:20:23,19.6,0,0,0
2024-12-19 00:20:28,19.6,0,0,0
2024-12-19 00:20:33,19.5,0,0,0
2024-12-19 00:20:38,19.5,0,0,0
2024-12-19 00:20:43,19.6,0,0,0
2024-12-19 00:20:49,19.6,0,0,0
2024-12-19 00:20:54,19.6,0,0,0
2024-12-19 00:20:59,19.6,0,0,0
2024-12-19 00:21:04,19.6,0,0,0
2024-12-19 00:21:09,19.6,0,0,0
2024-12-19 00:21:14,19.6,0,0,0
2024-12-19 00:21:20,19.5,0,0,0
2024-12-19 00:21:25,19.5,0,0,0
2024-12-19 00:21:30,19.6,0,0,0
2024-12-19 00:21:35,19.6,0,0,0
2024-12-19 00:21:40,19.6,0,0,0
2024-12-19 00:21:45,19.6,0,0,0
2024-12-19 00:21:51,19.6,0,0,0
2024-12-19 00:21:56,19.6,0,0,0
2024-12-19 00:22:01,19.6,0,0,0
2024-12-19 00:22:06,19.6,0,0,0
2024-12-19 00:22:11,19.6,0,0,0
2024-12-19 00:22:16,19.6,0,0,0
2024-12-19 00:22:22,19.6,0,0,0
2024-12-19 00:22:27,19.6,0,0,0
2024-12-19 00:22:32,19.6,0,0,0
2024-12-19 00:22:37,19.6,0,0,0
2024-12-19 00:22:42,19.6,0,0,0
2024-12-19 00:22:47,19.6,0,0,0
2024-12-19 00:22:53,19.6,0,0,0
2024-12-19 00:22:58,19.6,0,0,0
2024-12-19 00:23:03,19.6,0,0,0
2024-12-19 00:23:08,19.7,0,0,0
2024-12-19 00:23:13,19.7,0,0,0
2024-12-19 00:23:18,19.7,0,0,0
2024-12-19 00:23:24,19.7,0,0,0
2024-12-19 00:23:29,19.7,0,0,0
2024-12-19 00:23:34,19.7,0,0,0
2024-12-19 00:23:39,19.4,0,0,0
2024-12-19 00:23:44,19.8,0,0,0
2024-12-19 00:23:49,19.8,0,0,0
2024-12-19 00:23:55,19.8,0,0,0
2024-12-19 00:24:00,19.8,0,0,0
2024-12-19 00:24:05,19.8,0,0,0
2024-12-19 00:24:10,19.9,0,0,0
2024-12-19 00:24:15,19.9,0,0,0
2024-12-23 13:08:35,0,0,0,0
2024-12-23 13:08:41,0,0,0,0
2024-12-23 13:08:46,0,0,0,0
2024-12-23 13:08:51,0,0,0,0
2024-12-23 13:08:56,0,0,0,0
2024-12-23 13:09:01,0,0,0,0
2024-12-23 13:09:07,0,0,0,0
2024-12-23 13:09:12,0,0,0,0
2024-12-23 13:09:17,0,0,0,0
2024-12-23 13:09:22,0,0,0,0
2024-12-23 13:09:27,0,0,0,0
2024-12-23 13:09:33,0,0,0,0
2024-12-23 13:09:38,0,0,0,0
2024-12-23 13:09:43,0,0,0,0
2024-12-23 13:09:48,0,0,0,0
2024-12-23 13:09:53,0,0,0,0
2024-12-23 13:09:59,0,0,0,0
2024-12-23 13:10:04,0,0,0,0
2024-12-23 13:10:09,0,0,0,0
2024-12-23 13:10:14,0,0,0,0
2024-12-23 13:10:19,0,0,0,0
2024-12-23 13:10:25,0,0,0,0
2024-12-23 13:10:30,0,0,0,0
2024-12-23 13:10:35,0,0,0,0
2024-12-23 13:10:40,0,0,0,0
2024-12-23 13:10:45,0,0,0,0
2024-12-23 13:10:51,0,0,0,0
2024-12-23 13:10:56,0,0,0,0
2024-12-23 13:11:01,0,0,0,0
2024-12-23 13:11:06,0,0,0,0
2024-12-23 13:11:11,0,0,0,0
2024-12-23 13:11:17,0,0,0,0
2024-12-23 13:11:22,0,0,0,0
2024-12-23 13:11:27,0,0,0,0
2024-12-23 13:11:32,0,0,0,0
2024-12-23 13:11:37,0,0,0,0
2024-12-23 13:11:43,0,0,0,0
2024-12-23 13:11:48,0,0,0,0
2024-12-23 13:11:53,0,0,0,0
2024-12-23 13:11:58,0,0,0,0
2024-12-23 13:12:03,0,0,0,0
2024-12-23 13:12:09,0,0,0,0
2024-12-23 13:12:14,0,0,0,0
2024-12-23 13:12:19,0,0,0,0
2024-12-23 13:12:24,0,0,0,0
2024-12-23 13:12:29,0,0,0,0
2024-12-23 13:12:35,0,0,0,0
2024-12-23 13:12:40,0,0,0,0
2024-12-23 13:13:34,0,0,0,0
2024-12-23 13:13:39,0,0,0,0
2024-12-23 13:13:44,0,0,0,0
2024-12-23 13:13:49,0,0,0,0
2024-12-23 13:13:55,0,0,0,0
2024-12-23 13:14:00,0,0,0,0
2024-12-23 13:14:05,0,0,0,0
2024-12-23 13:14:10,0,0,0,0
2024-12-23 13:14:15,0,0,0,0
2024-12-23 13:14:21,0,0,0,0
2024-12-23 13:14:26,0,0,0,0
2024-12-23 13:14:31,0,0,0,0
2024-12-23 13:14:36,0,0,0,0
2024-12-23 13:14:41,0,0,0,0
2024-12-23 13:14:47,7.8,0,0,0
2024-12-23 13:14:52,8.2,0,0,0
2024-12-23 13:14:57,8.9,0,0,0
2024-12-23 13:15:02,8.4,0,0,0
2024-12-23 13:15:07,9.8,0,0,0
2024-12-23 13:15:12,12.4,0,0,0
2024-12-23 13:15:18,12.3,0,0,0
2024-12-23 13:15:23,14.1,0,0,0
2024-12-23 13:15:28,14.4,0,0,0
2024-12-23 13:15:33,11.3,0,0,0
2024-12-23 13:15:38,9.4,0,0,0
2024-12-23 13:15:44,8.4,0,0,0
2024-12-23 13:15:49,9.2,0,0,0
2024-12-23 13:15:54,9.1,0,0,0
2024-12-23 13:15:59,8.7,0,0,0
2024-12-23 13:16:05,8.3,0,0,0
2024-12-23 13:16:10,7.8,0,0,0
2024-12-23 13:16:15,7.5,0,0,0
2024-12-23 13:16:20,7.3,0,0,0
2024-12-23 13:16:25,7.3,0,0,0
2024-12-23 13:16:30,17.9,0,0,0
2024-12-23 13:16:36,28.1,0,0,0
2024-12-23 13:16:41,25.5,0,0,0
2024-12-23 13:16:46,17.8,0,0,0
2024-12-23 13:16:51,13.5,0,0,0
2024-12-23 13:16:56,18.2,0,0,0
2024-12-23 13:17:02,13.3,0,0,0
2024-12-23 13:17:07,10.2,0,0,0
2024-12-23 13:17:12,8.8,0,0,0
2024-12-23 13:17:17,8.0,0,0,0
2024-12-23 13:17:22,7.7,0,0,0
2024-12-23 13:17:28,7.4,0,0,0
2024-12-23 13:17:33,7.3,0,0,0
2024-12-23 13:17:38,7.2,0,0,0
2024-12-23 13:17:43,7.1,0,0,0
2024-12-23 13:17:48,7.2,0,0,0
2024-12-23 13:17:54,7.2,0,0,0
2024-12-23 13:17:59,7.2,0,0,0
2024-12-23 13:18:04,7.2,0,0,0
2024-12-23 13:18:09,7.1,0,0,0
2024-12-23 13:18:14,7.1,0,0,0
2024-12-23 13:18:20,7.1,0,0,0
2024-12-23 13:18:25,7.1,0,0,0
2024-12-23 13:18:30,6.8,0,0,0
2024-12-23 13:18:35,7.0,0,0,0
2024-12-23 13:18:40,6.9,0,0,0
2024-12-23 13:18:46,6.9,0,0,0
2024-12-23 13:18:51,6.9,0,0,0
2024-12-23 13:18:56,6.8,0,0,0
2024-12-23 13:19:01,6.8,0,0,0
2024-12-23 13:19:06,6.9,0,0,0
2024-12-23 13:19:12,6.9,0,0,0
2024-12-23 13:19:17,7.0,0,0,0
2024-12-23 13:19:22,7.0,0,0,0
2024-12-23 13:19:27,7.0,0,0,0
2024-12-23 13:19:32,7.1,0,0,0
2024-12-23 13:19:37,7.1,0,0,0
2024-12-23 13:21:37,7.4,0,0,0
2024-12-23 13:21:42,7.4,0,0,0
2024-12-23 13:21:47,7.4,0,0,0
2024-12-23 13:21:53,7.4,0,0,0
2024-12-23 13:21:58,7.4,0,0,0
2024-12-23 13:22:03,7.4,0,0,0
2024-12-23 13:22:08,7.3,0,0,0
2024-12-23 13:22:13,7.3,0,0,0
2024-12-23 13:22:19,7.3,0,0,0
2024-12-23 13:22:24,7.3,0,0,0
2024-12-23 13:22:29,7.3,0,0,0
2024-12-23 13:22:34,7.3,0,0,0
2024-12-23 13:22:39,7.3,0,0,0
2024-12-23 13:22:45,7.3,0,0,0
2024-12-23 13:22:50,7.3,0,0,0
2024-12-23 13:22:55,7.3,0,0,0
2024-12-23 13:23:00,7.3,0,0,0
2024-12-23 13:23:05,7.3,0,0,0
2024-12-23 13:23:10,7.3,0,0,0
2024-12-23 13:23:16,7.2,0,0,0
2024-12-23 13:23:21,7.3,0,0,0
2024-12-23 13:23:26,7.3,0,0,0
2024-12-23 13:23:31,7.3,0,0,0
2024-12-23 13:23:36,7.3,0,0,0
2024-12-23 13:23:42,7.4,0,0,0
2024-12-23 13:23:47,7.4,0,0,0
2024-12-23 13:23:52,7.4,0,0,0
2024-12-23 13:23:57,7.3,0,0,0
2024-12-23 13:24:02,7.3,0,0,0
2024-12-23 13:24:08,7.3,0,0,0
2024-12-23 13:24:13,7.2,0,0,0
2024-12-23 13:24:18,7.3,0,0,0
2024-12-23 13:24:23,7.3,0,0,0
2024-12-23 13:24:28,7.3,0,0,0
2024-12-23 13:24:34,7.2,0,0,0
2024-12-23 13:24:39,7.2,0,0,0
2024-12-23 13:24:44,7.2,0,0,0
2024-12-23 13:24:49,7.2,0,0,0
2024-12-23 13:24:54,7.2,0,0,0
2024-12-23 13:25:00,7.1,0,0,0
2024-12-23 13:25:05,7.1,0,0,0
2024-12-23 13:25:10,7.1,0,0,0
2024-12-23 13:56:37,7.0,0,0,0
2024-12-23 13:56:42,7.1,0,0,0
2024-12-23 13:56:47,7.1,0,0,0
2024-12-23 13:57:05,7.2,0,0,0
2024-12-23 13:57:10,7.2,0,0,0
2024-12-23 13:57:15,7.2,0,0,0
2024-12-23 14:03:18,6.7,7.4,25.2,24.6
2024-12-23 14:03:23,6.8,7.4,28.5,27.5
2024-12-23 14:03:28,6.8,7.4,30.0,28.2
2024-12-23 14:03:33,6.8,7.3,30.7,28.4
2024-12-23 14:03:39,6.8,7.3,31.3,29.0
2024-12-23 14:03:44,6.8,7.3,31.6,29.5
2024-12-23 14:03:49,6.8,7.4,31.8,29.7
2024-12-23 14:03:54,6.8,7.3,31.9,30.0
2024-12-23 14:03:59,6.9,7.3,31.6,30.2
2024-12-23 14:04:05,7.0,7.4,31.3,30.3
2024-12-23 14:04:10,7.0,7.4,30.3,30.4
2024-12-23 14:04:15,7.0,7.3,30.3,30.5
2024-12-23 14:04:20,6.9,7.3,30.2,30.6
2024-12-23 14:04:25,6.9,7.3,30.2,30.8
2024-12-23 14:04:31,6.8,7.3,30.0,31.0
2024-12-23 14:04:36,6.8,7.3,30.5,31.2
2024-12-23 14:04:41,6.8,7.4,30.6,31.3
2024-12-23 14:04:46,6.8,7.4,30.7,31.4
2024-12-23 14:04:51,6.8,7.4,30.8,31.5
2024-12-23 14:04:56,6.9,7.3,30.9,31.6
2024-12-23 14:05:02,6.8,7.3,30.8,31.8
2024-12-23 14:05:07,6.8,7.3,31.0,31.9
2024-12-23 14:05:12,6.9,7.3,31.1,31.9
2024-12-23 14:05:17,6.9,7.3,31.2,31.9
2024-12-23 14:05:22,6.9,7.4,31.3,31.9
2024-12-23 14:05:28,6.9,7.4,31.4,31.9
2024-12-23 14:05:33,6.9,7.4,31.3,32.0
2024-12-23 14:05:38,6.9,7.4,31.5,32.0
2024-12-23 14:05:43,6.9,7.4,31.5,32.0
2024-12-23 14:05:48,7.0,7.4,31.5,32.1
2024-12-23 14:05:54,6.9,7.4,31.5,32.1
2024-12-23 14:05:59,6.9,7.5,31.5,32.0
2024-12-23 14:06:04,6.8,7.1,31.6,31.9
2024-12-23 14:06:09,6.8,7.4,31.8,31.9
2024-12-23 14:06:14,6.8,7.4,32.0,31.9
2024-12-23 14:06:20,6.8,7.1,32.0,31.9
2024-12-23 14:06:25,6.8,7.1,31.7,32.0
2024-12-23 14:06:30,6.8,7.4,31.4,32.1
2024-12-23 14:06:35,6.9,7.4,31.6,31.9
2024-12-23 14:06:40,6.9,7.4,31.6,31.9
2024-12-23 14:08:17,6.8,11.0,17.2,32.2
2024-12-23 14:08:22,6.8,10.9,15.7,32.3
2024-12-23 14:08:27,6.8,10.9,15.7,32.3
2024-12-23 14:08:32,6.8,10.9,15.6,32.0
2024-12-23 14:08:38,6.8,10.8,15.3,32.3
2024-12-23 14:08:43,6.8,10.7,15.0,32.3
2024-12-23 14:08:48,6.8,10.7,14.7,32.3
2024-12-23 14:08:53,6.8,10.6,14.7,32.3
2024-12-23 14:08:58,6.8,10.6,14.4,32.2
2024-12-23 14:09:03,6.8,10.6,14.3,31.9
2024-12-23 14:09:09,6.9,10.5,14.3,32.0
2024-12-23 14:09:14,7.0,10.5,13.8,31.9
2024-12-23 14:09:19,7.0,10.5,13.4,31.9
2024-12-23 14:09:24,7.0,10.6,13.5,31.8
2024-12-23 14:09:29,6.9,10.6,14.7,31.6
2024-12-23 14:09:35,6.8,10.6,14.4,31.2
2024-12-23 14:09:40,6.9,10.5,14.1,31.2
2024-12-23 14:09:45,6.9,10.5,13.8,31.0
2024-12-23 14:09:50,6.9,12.9,13.6,30.9
2024-12-23 14:09:55,6.8,12.4,13.5,30.7
2024-12-23 14:10:01,6.8,11.6,13.2,30.7
2024-12-23 14:10:06,6.8,11.3,13.1,30.5
2024-12-23 14:10:11,6.8,11.0,13.2,30.4
2024-12-23 14:10:16,6.9,10.9,13.1,30.5
2024-12-23 14:10:21,6.8,10.8,13.1,30.4
2024-12-23 14:10:27,6.8,10.7,13.1,30.3
2024-12-23 14:10:32,6.8,10.6,13.1,30.1
2024-12-23 14:10:37,6.8,10.6,12.7,30.1
2024-12-23 14:10:42,6.8,10.7,12.4,30.2
2024-12-23 14:10:47,6.8,10.7,12.3,30.4
2024-12-23 14:10:53,6.8,10.6,12.1,30.7
2024-12-23 14:10:58,6.9,10.5,11.9,30.7
2024-12-23 14:11:03,6.9,10.6,11.8,30.7
2024-12-23 14:11:08,6.9,10.6,11.8,30.9
2024-12-23 14:11:13,6.9,10.5,11.7,30.6
2024-12-23 14:11:18,6.9,10.5,11.6,30.5
2024-12-23 14:11:24,6.9,10.5,11.5,30.7
2024-12-23 14:11:29,6.9,10.5,11.5,30.6
2024-12-23 14:11:34,7.0,10.5,11.5,30.7
2024-12-23 14:11:39,6.9,10.5,11.4,30.7
2024-12-23 14:11:44,6.9,10.5,11.4,30.6
2024-12-23 14:11:50,6.9,10.6,11.3,30.6
2024-12-23 14:11:55,6.9,10.6,11.4,30.6
2024-12-23 14:12:00,6.8,10.6,11.4,30.6
2024-12-23 14:12:05,6.8,10.6,11.3,30.7
2024-12-23 14:12:10,6.8,10.6,11.3,30.7
2024-12-23 14:12:16,6.8,10.6,11.3,30.9
2024-12-23 14:12:21,6.8,10.6,11.2,30.7
2024-12-23 14:12:26,6.8,10.6,11.2,30.9
2024-12-23 14:12:31,6.8,10.6,11.3,30.9
2024-12-23 14:12:36,6.8,10.6,11.3,30.9
2024-12-23 14:12:41,6.8,10.6,11.4,30.8
2024-12-23 14:12:47,6.8,10.6,11.5,30.7
2024-12-23 14:12:52,6.7,10.5,11.4,30.7
2024-12-23 14:12:57,6.8,10.5,11.4,30.6
2024-12-23 14:13:02,6.8,10.5,11.4,30.6
2024-12-23 14:13:07,6.6,10.5,11.4,30.8
2024-12-23 14:13:13,6.6,10.6,11.3,30.8
2024-12-23 14:13:18,6.6,10.6,11.3,30.7
2024-12-23 14:13:23,6.6,10.5,11.3,30.6
2024-12-23 14:13:28,6.6,10.5,11.3,31.0
2024-12-23 14:13:33,6.6,10.5,11.2,31.0
2024-12-23 14:13:39,6.6,10.5,11.1,31.0
2024-12-23 14:13:44,6.6,10.5,11.1,31.0
2024-12-23 14:13:49,6.6,10.5,11.1,30.9
2024-12-23 14:13:54,6.7,10.5,11.1,30.8
2024-12-23 14:13:59,6.7,10.5,10.8,30.9
2024-12-23 14:14:05,6.6,10.5,11.0,30.9
2024-12-23 14:14:10,6.6,10.5,11.0,30.7
2024-12-23 14:14:15,6.6,10.5,11.0,30.7
2024-12-23 14:14:20,6.5,10.5,11.1,30.6
2024-12-23 14:14:25,6.6,10.5,11.0,30.5
2024-12-23 14:14:31,6.9,10.5,11.0,30.5
2024-12-23 14:14:36,6.8,10.5,10.9,30.3
2024-12-23 14:14:41,6.5,10.4,10.8,30.1
2024-12-23 14:14:46,6.5,10.4,10.8,30.3
2024-12-23 14:14:51,6.8,10.4,10.8,30.3
2024-12-23 14:14:57,6.8,10.4,10.8,30.0
2024-12-23 14:15:02,6.7,10.4,10.8,29.3
2024-12-23 14:15:07,6.8,10.4,10.9,29.1
2024-12-23 14:15:12,6.7,10.4,10.9,28.4
2024-12-23 14:15:17,6.8,10.5,11.0,28.9
2024-12-23 14:15:22,6.6,10.5,11.0,29.6
2024-12-23 14:15:28,6.5,10.5,11.1,29.7
2024-12-23 14:15:33,6.5,10.5,11.2,29.9
2024-12-23 14:15:38,6.5,10.5,11.3,30.2
2024-12-23 14:15:43,6.5,10.5,11.3,30.3
2024-12-23 14:15:48,6.5,10.5,11.3,30.0
2024-12-23 14:15:54,6.5,10.5,11.4,30.3
2024-12-23 14:15:59,6.5,10.5,11.4,30.4
2024-12-23 14:16:04,6.6,10.5,11.4,30.0
2024-12-23 14:16:09,6.6,10.5,11.3,30.1
2024-12-23 14:16:14,6.6,10.5,11.3,30.0
2024-12-23 14:16:19,6.6,10.5,11.4,29.8
2024-12-23 14:16:25,6.6,10.5,11.3,30.0
2024-12-23 14:16:30,6.8,10.5,11.3,29.9
2024-12-23 14:16:35,6.8,10.4,11.3,30.3
2024-12-23 14:16:40,6.8,10.4,11.3,30.3
2024-12-23 14:16:45,6.7,10.5,11.4,30.1
2024-12-23 14:16:51,6.7,10.5,11.4,30.0
2024-12-23 14:16:56,6.7,10.5,11.4,30.2
2024-12-23 14:17:01,6.7,10.5,11.5,30.2
2024-12-23 14:17:06,6.7,10.5,11.5,30.0
2024-12-23 14:17:11,6.7,10.6,11.4,30.1
2024-12-23 14:17:17,6.7,10.5,11.4,30.4
2024-12-23 14:17:22,6.7,10.6,11.4,30.0
2024-12-23 14:17:27,6.6,10.5,11.4,30.5
2024-12-23 14:17:32,6.6,10.5,11.4,30.6
2024-12-23 14:17:37,6.7,10.4,11.3,30.6
2024-12-23 14:17:43,6.7,10.2,11.3,30.5
2024-12-23 14:17:48,6.8,10.3,11.3,30.7
2024-12-23 14:17:53,6.8,10.4,11.3,30.7
2024-12-23 14:17:58,6.8,10.4,11.3,30.5
2024-12-23 14:18:03,6.7,10.5,11.4,30.6
2024-12-23 14:18:09,6.7,10.5,11.4,30.6
2024-12-23 14:18:14,6.7,10.6,11.4,30.8
2024-12-23 14:18:19,6.7,10.5,11.3,30.8
2024-12-23 14:18:24,6.7,10.6,11.2,30.7
2024-12-23 14:18:29,6.7,10.6,11.2,31.0
2024-12-23 14:18:34,6.6,10.6,11.3,30.9
2024-12-23 14:18:40,6.7,10.6,11.3,30.9
2024-12-23 14:18:45,6.8,10.7,11.3,30.9
2024-12-23 14:18:50,6.8,10.7,11.3,30.9
2024-12-23 14:18:55,6.8,10.4,11.3,30.8
2024-12-23 14:19:00,6.8,10.7,11.4,30.8
2024-12-23 14:19:06,6.8,10.7,11.5,30.9
2024-12-23 14:19:11,6.8,10.8,11.5,31.0
2024-12-23 14:19:16,6.7,10.8,11.5,30.7
2024-12-23 14:19:21,6.7,10.8,11.4,31.0
2024-12-23 14:19:26,6.8,10.8,11.4,30.8
2024-12-23 14:19:31,6.8,10.8,11.4,30.9
2024-12-23 14:19:37,6.8,10.9,11.2,30.8
2024-12-23 14:19:42,6.7,10.9,11.5,30.9
2024-12-23 14:19:47,6.7,10.9,11.3,30.8
2024-12-23 14:19:52,6.7,10.9,11.4,30.7
2024-12-23 14:19:57,6.6,10.9,11.5,30.8
2024-12-23 14:20:03,6.7,11.0,11.5,30.8
2024-12-23 14:20:08,6.7,11.0,11.5,30.7
2024-12-23 14:20:13,6.8,11.0,11.5,30.8
2024-12-23 14:20:18,7.0,11.0,11.5,30.6
2024-12-23 14:20:23,7.1,11.0,11.3,31.0
2024-12-23 14:20:29,7.1,11.0,11.2,30.8
2024-12-23 14:20:34,7.1,11.0,11.2,31.0
2024-12-23 14:20:39,7.0,11.0,11.3,31.0
2024-12-23 14:20:44,6.9,10.9,11.4,30.9
2024-12-23 14:20:49,7.1,11.1,11.3,31.2
2024-12-23 14:20:55,7.2,11.1,11.4,31.1
2024-12-23 14:21:00,7.2,11.2,11.5,31.0
2024-12-23 14:21:05,7.0,11.2,11.6,30.7
2024-12-23 14:21:10,7.0,11.3,11.6,30.8
2024-12-23 14:21:15,6.8,11.3,11.6,30.9
2024-12-23 14:21:20,6.7,11.3,11.6,30.9
2024-12-23 14:21:26,6.6,11.3,11.7,30.8
2024-12-23 14:21:31,6.5,11.3,11.6,31.0
2024-12-23 14:21:36,6.5,11.3,11.6,31.0
2024-12-23 14:21:41,6.3,11.4,11.6,31.0
2024-12-23 14:21:46,6.3,11.4,11.7,31.0
2024-12-23 14:21:52,6.3,11.1,11.6,30.9
2024-12-23 14:21:57,6.3,11.5,11.6,30.9
2024-12-23 14:22:02,6.3,11.5,11.7,31.0
2024-12-23 14:22:07,6.3,11.5,11.7,31.1
2024-12-23 14:22:12,6.2,11.5,11.8,31.1
2024-12-23 14:22:18,6.4,11.6,11.8,31.2
2024-12-23 14:22:23,6.4,11.6,11.9,31.1
2024-12-23 14:22:28,6.4,11.7,11.9,31.3
2024-12-23 14:22:33,6.4,11.7,12.0,31.2
2024-12-23 14:22:38,6.4,11.8,12.0,31.5
2024-12-23 14:22:44,6.4,11.9,12.1,31.3
2024-12-23 14:22:49,6.4,11.9,12.1,31.4
2024-12-23 14:22:54,6.4,11.9,12.1,31.3
2024-12-23 14:22:59,6.4,12.0,12.1,31.5
2024-12-23 14:23:04,6.4,12.0,12.2,31.5
2024-12-23 14:23:10,6.4,12.1,12.3,31.7
2024-12-23 14:23:15,6.4,12.2,12.3,31.6
2024-12-23 14:23:20,6.4,12.2,12.3,31.6
2024-12-23 14:23:25,6.4,12.3,12.3,31.1
2024-12-23 14:23:30,6.4,12.3,12.4,30.6
2024-12-23 14:23:35,6.4,12.4,12.5,30.8
2024-12-23 14:23:41,6.4,12.2,12.6,31.0
2024-12-23 14:23:46,6.4,12.5,12.6,30.8
2024-12-23 14:23:51,6.4,12.5,12.5,30.5
2024-12-23 14:23:56,6.4,12.6,12.4,30.4
2024-12-23 14:24:01,6.4,12.7,12.4,30.7
2024-12-23 14:24:07,6.4,12.8,12.3,30.6
2024-12-23 14:24:12,6.5,12.9,12.1,30.4
2024-12-23 14:24:17,6.4,12.9,12.2,30.9
2024-12-23 14:24:22,6.4,12.9,12.2,30.7
2024-12-23 14:24:27,6.4,12.9,12.3,31.0
2024-12-23 14:24:33,6.4,12.9,12.4,31.0
2024-12-23 14:24:38,6.5,12.9,12.5,31.0
2024-12-23 14:24:43,6.5,12.9,12.6,31.1
2024-12-23 14:24:48,6.5,12.8,12.6,30.6
2024-12-23 14:24:53,6.5,12.8,12.6,30.9
2024-12-23 14:24:58,6.5,12.9,12.6,30.9
2024-12-23 14:25:04,6.4,13.0,12.7,30.8
2024-12-23 14:25:09,6.4,13.2,12.8,30.9
2024-12-23 14:25:14,6.4,13.3,12.8,31.1
2024-12-23 14:25:19,6.4,13.4,12.9,31.0
2024-12-23 14:25:24,6.4,13.5,12.9,31.0
2024-12-23 14:25:30,6.4,13.6,12.9,30.9
2024-12-23 14:25:35,6.4,13.6,13.0,30.9
2024-12-23 14:25:40,6.4,13.7,13.1,30.9
2024-12-23 14:25:45,6.4,13.8,13.2,31.1
2024-12-23 14:25:50,6.4,13.8,13.3,31.0
2024-12-23 14:25:56,6.4,13.8,13.3,30.8
2024-12-23 14:26:01,6.4,13.8,13.3,29.7
2024-12-23 14:26:06,6.4,13.8,13.4,30.2
2024-12-23 14:26:11,6.4,13.8,13.5,30.0
2024-12-23 14:26:16,6.4,13.8,13.6,31.0
2024-12-23 14:26:21,6.4,13.8,13.6,31.2
2024-12-23 14:26:27,6.5,13.9,13.8,31.2
2024-12-23 14:26:32,6.5,13.9,13.9,31.6
2024-12-23 14:26:37,6.5,13.9,13.9,31.6
2024-12-23 14:26:42,6.5,14.0,13.9,31.7
2024-12-23 14:26:47,6.5,14.0,14.0,31.6
2024-12-23 14:26:53,6.5,14.1,14.1,31.5
2024-12-23 14:26:58,6.5,14.2,14.2,31.9
2024-12-23 14:27:03,6.5,14.3,14.3,31.6
2024-12-23 14:27:08,6.5,14.4,14.3,31.9
2024-12-23 14:27:13,6.5,14.5,14.3,32.2
2024-12-23 14:27:19,6.5,14.6,14.3,32.3
2024-12-23 14:27:24,6.5,14.7,14.3,31.8
2024-12-23 14:27:29,6.5,14.8,14.4,31.7
2024-12-23 14:27:34,6.6,14.9,14.4,32.4
2024-12-23 14:27:39,6.6,15.0,14.6,32.7
2024-12-23 14:27:45,6.6,15.0,14.6,32.9
2024-12-23 14:27:50,6.5,15.1,14.6,32.9
2024-12-23 14:27:55,6.6,15.1,14.7,32.5
2024-12-23 14:28:00,6.6,15.2,14.8,32.9
2024-12-23 14:28:05,6.6,15.2,14.9,32.8
2024-12-23 14:28:11,6.6,15.3,15.0,32.8
2024-12-23 14:28:16,6.6,15.3,15.0,33.2
2024-12-23 14:28:21,6.6,15.4,15.0,33.3
2024-12-23 14:28:26,6.6,15.4,15.1,33.3
2024-12-23 14:28:31,6.6,15.4,15.2,33.2
2024-12-23 14:28:37,6.6,15.4,15.2,33.1
2024-12-23 14:28:42,6.6,15.4,15.2,33.2
2024-12-23 14:28:47,6.6,15.4,15.3,33.0
2024-12-23 14:28:52,6.6,15.5,15.2,32.8
2024-12-23 14:28:57,6.6,15.5,15.3,32.7
2024-12-23 14:29:03,6.6,15.5,15.3,32.9
2024-12-23 14:29:08,6.6,15.5,15.3,32.9
2024-12-23 14:29:13,6.6,15.5,15.3,32.6
2024-12-23 14:29:18,6.7,15.4,15.4,33.0
2024-12-23 14:29:23,6.7,15.5,15.4,32.9
2024-12-23 14:29:29,6.6,15.6,15.3,33.2
2024-12-23 14:29:34,6.6,15.7,15.3,33.2
2024-12-23 14:29:39,6.6,15.7,15.1,33.1
2024-12-23 14:29:44,6.6,15.8,15.1,33.2
2024-12-23 14:29:49,6.6,15.8,15.1,33.0
2024-12-23 14:29:55,6.6,15.8,15.2,32.9
2024-12-23 14:30:00,6.6,15.9,15.3,32.9
2024-12-23 14:30:05,6.6,16.0,15.3,33.1
2024-12-23 14:30:10,6.6,16.0,15.4,33.1
2024-12-23 14:30:15,6.6,16.1,15.5,33.2
2024-12-23 14:30:20,6.6,16.2,15.7,33.1
2024-12-23 14:30:26,6.6,16.2,15.8,33.2
2024-12-23 14:30:31,6.6,16.2,15.8,33.3
2024-12-23 14:30:36,6.6,16.2,15.9,33.3
2024-12-23 14:30:41,6.6,16.3,15.9,33.3
2024-12-23 14:30:46,6.6,16.3,16.0,33.3
2024-12-23 14:30:52,6.7,16.4,16.1,33.4
2024-12-23 14:30:57,6.7,16.4,16.3,33.0
2024-12-23 14:31:02,6.7,16.5,16.4,33.3
2024-12-23 14:31:07,6.7,16.5,16.5,33.2
2024-12-23 14:31:12,6.7,16.5,16.4,32.9
2024-12-23 14:31:18,6.7,16.6,16.4,33.1
2024-12-23 14:31:23,6.7,16.6,16.5,32.0
2024-12-23 14:31:28,6.7,16.7,16.5,32.5
2024-12-23 14:31:33,6.7,16.7,16.5,32.5
2024-12-23 14:31:38,6.7,16.8,16.3,32.6
2024-12-23 14:31:44,6.6,16.9,16.6,32.5
2024-12-23 14:31:49,6.7,16.9,16.7,32.8
2024-12-23 14:31:54,6.7,17.1,16.8,32.5
2024-12-23 14:31:59,6.7,17.2,16.9,32.6
2024-12-23 14:32:04,6.7,17.2,16.9,32.3
2024-12-23 14:32:10,6.6,17.3,16.8,32.5
2024-12-23 14:32:15,6.1,17.4,16.9,32.2
2024-12-23 14:32:20,5.9,17.5,16.9,32.4
2024-12-23 14:32:25,6.0,17.5,16.9,32.2
2024-12-23 14:32:30,6.1,17.6,17.1,32.6
2024-12-23 14:32:35,6.1,17.6,17.1,32.4
2024-12-23 14:32:41,6.2,17.7,17.2,32.6
2024-12-23 14:32:46,6.3,17.8,17.4,32.7
2024-12-23 14:32:51,6.9,17.9,17.6,32.7
2024-12-23 14:32:56,7.1,17.9,17.7,32.5
2024-12-23 14:33:01,6.9,17.9,17.8,32.8
2024-12-23 14:33:07,6.4,18.0,17.8,32.3
2024-12-23 14:33:12,6.7,18.0,17.9,32.6
2024-12-23 14:33:17,6.5,18.0,17.9,32.3
2024-12-23 14:33:22,6.4,18.1,17.9,32.7
2024-12-23 14:33:27,6.4,18.1,18.0,32.4
2024-12-23 14:33:33,6.4,18.1,18.1,32.7
2024-12-23 14:33:38,6.4,18.2,18.2,32.7
2024-12-23 14:33:43,6.4,18.2,18.4,32.2
2024-12-23 14:33:48,6.4,18.3,18.5,32.8
2024-12-23 14:33:53,6.1,18.3,18.5,32.5
2024-12-23 14:33:59,6.0,18.4,18.6,32.4
2024-12-23 14:34:04,6.3,18.4,18.6,31.8
2024-12-23 14:34:09,6.3,18.5,18.5,31.6
2024-12-23 14:34:14,6.9,18.5,18.6,31.3
2024-12-23 14:34:19,7.0,18.6,18.8,31.8
2024-12-23 14:34:25,7.3,18.7,18.9,31.3
2024-12-23 14:34:30,7.5,18.8,18.9,31.7
2024-12-23 14:34:35,7.3,18.9,18.9,31.9
2024-12-23 14:34:40,7.0,18.9,19.0,31.9
2024-12-23 14:34:45,7.0,19.0,19.1,32.3
2024-12-23 14:34:51,6.8,19.1,19.2,32.2
2024-12-23 14:34:56,6.6,19.2,19.1,32.1
2024-12-23 14:35:01,6.7,19.3,19.2,31.8
2024-12-23 14:35:06,6.4,19.4,19.4,31.9
2024-12-23 14:35:11,6.7,19.4,19.5,31.9
2024-12-23 14:35:17,6.6,19.5,19.4,31.5
2024-12-23 14:35:22,6.4,19.6,19.3,31.9
2024-12-23 14:35:27,6.0,19.7,19.3,31.9
2024-12-23 14:35:32,6.4,19.7,18.9,32.1
2024-12-23 14:35:37,6.4,19.8,18.9,32.1
2024-12-23 14:35:42,6.5,19.9,18.9,31.6
2024-12-23 14:35:48,6.5,20.0,18.9,32.1
2024-12-23 14:35:53,6.6,20.1,19.0,32.3
2024-12-23 14:35:58,6.6,20.1,18.9,32.3
2024-12-23 14:36:03,6.6,20.2,18.7,32.4
2024-12-23 14:36:08,6.4,20.1,18.6,32.1
2024-12-23 14:36:14,6.9,20.1,18.3,32.5
2024-12-23 14:36:19,9.1,20.2,17.9,32.1
2024-12-23 14:36:24,9.5,20.2,17.7,32.3
2024-12-23 14:36:29,8.1,20.2,18.1,31.9
2024-12-23 14:36:34,7.6,20.2,18.1,32.2
2024-12-23 14:36:40,7.4,20.3,18.1,32.1
2024-12-23 14:36:45,7.2,20.3,18.1,32.1
2024-12-23 14:36:50,7.2,20.4,18.0,32.3
2024-12-23 14:36:55,7.8,20.5,18.1,32.4
2024-12-23 14:37:00,7.5,20.5,18.3,32.4
2024-12-23 14:37:05,7.4,20.5,18.3,32.0
2024-12-23 14:37:11,7.3,20.6,18.3,32.7
2024-12-23 14:37:16,7.1,20.5,17.9,32.5
2024-12-23 14:37:21,7.0,20.5,18.0,32.6
2024-12-23 14:37:26,7.0,20.5,18.0,32.4
2024-12-23 14:37:31,7.0,20.6,18.2,32.3
2024-12-23 14:37:37,6.9,20.6,18.3,32.3
2024-12-23 14:37:42,6.9,20.6,18.5,32.6
2024-12-23 14:37:47,6.9,20.6,18.6,32.5
2024-12-23 14:37:52,7.0,20.6,18.7,32.8
2024-12-23 14:37:57,6.7,20.7,18.8,32.6
2024-12-23 14:38:03,7.1,20.8,19.0,32.8
2024-12-23 14:38:08,7.2,20.9,19.1,32.6
2024-12-23 14:38:13,7.2,20.9,19.3,32.6
2024-12-23 14:38:18,7.1,21.0,19.2,32.7
2024-12-23 14:38:23,7.4,21.0,19.1,33.0
2024-12-23 14:38:29,7.4,21.1,18.9,33.1
2024-12-23 14:38:34,7.1,21.2,18.9,33.4
2024-12-23 14:38:39,7.1,21.2,18.6,33.3
2024-12-23 14:38:44,7.3,21.3,18.7,33.2
2024-12-23 14:38:49,7.3,21.3,18.8,33.3
2024-12-23 14:38:55,7.2,21.4,18.9,33.2
2024-12-23 14:39:00,7.2,21.4,19.1,33.4
2024-12-23 14:39:05,7.7,21.5,19.3,33.4
2024-12-23 14:39:10,7.4,21.5,19.3,33.4
2024-12-23 14:39:15,7.3,21.5,19.5,33.6
2024-12-23 14:39:20,7.2,21.6,19.5,33.0
2024-12-23 14:39:26,7.1,21.6,19.4,33.5
2024-12-23 14:39:31,7.1,21.6,19.1,33.4
2024-12-23 14:39:36,7.2,21.5,19.3,33.7
2024-12-23 14:39:41,7.1,21.5,19.4,33.9
2024-12-23 14:39:46,7.2,21.6,19.6,33.8
2024-12-23 14:39:52,7.3,21.6,19.6,34.1
2024-12-23 14:39:57,7.1,21.6,19.3,34.0
2024-12-23 14:40:02,7.1,21.6,19.1,33.6
2024-12-23 14:40:07,7.1,21.6,18.4,33.8
2024-12-23 14:40:12,7.6,21.6,18.2,33.8
2024-12-23 14:40:17,7.7,21.7,18.4,33.6
2024-12-23 14:40:23,7.4,21.7,18.2,33.6
2024-12-23 14:40:28,7.3,21.6,17.5,33.7
2024-12-23 14:40:33,7.2,21.6,17.6,33.7
2024-12-23 14:40:38,7.2,21.7,17.9,33.4
2024-12-23 14:40:43,7.1,21.8,18.3,33.9
2024-12-23 14:40:49,7.4,21.9,18.5,33.6
2024-12-23 14:40:54,7.6,22.0,18.4,33.9
2024-12-23 14:40:59,7.9,22.0,18.5,33.6
2024-12-23 14:41:04,8.0,22.0,18.6,33.7
2024-12-23 14:41:09,8.2,22.0,18.9,33.6
2024-12-23 14:41:14,8.0,22.1,19.1,33.1
2024-12-23 14:41:20,7.7,22.2,19.2,33.4
2024-12-23 14:41:25,7.7,22.2,19.4,33.2
2024-12-23 14:41:30,7.5,22.2,19.4,33.4
2024-12-23 14:41:35,7.6,22.2,19.1,33.2
2024-12-23 14:41:40,7.6,22.2,19.6,33.0
2024-12-23 14:41:46,7.4,22.2,19.8,33.4
2024-12-23 14:41:51,7.2,22.3,19.8,33.2
2024-12-23 14:41:56,7.1,22.4,19.6,33.4
2024-12-23 14:42:01,7.1,22.4,19.2,33.4
2024-12-23 14:42:06,7.5,22.4,19.1,33.6
2024-12-23 14:42:12,8.0,22.4,19.2,33.4
2024-12-23 14:42:17,7.6,22.6,19.5,33.7
2024-12-23 14:42:22,7.4,22.7,19.4,33.5
2024-12-23 14:42:27,7.7,22.8,19.2,33.7
2024-12-23 14:42:32,7.6,22.9,19.4,33.5
2024-12-23 14:42:38,7.3,22.9,19.7,33.4
2024-12-23 14:42:43,7.7,22.9,20.0,33.3
2024-12-23 14:42:48,7.5,22.9,20.3,32.8
2024-12-23 14:42:53,7.5,22.9,20.3,33.3
2024-12-23 14:42:58,8.1,23.0,20.5,33.2
2024-12-23 14:43:04,7.7,23.0,20.3,33.4
2024-12-23 14:43:09,7.9,23.0,20.5,33.4
2024-12-23 14:43:14,9.6,23.0,20.7,32.9
2024-12-23 14:43:19,8.7,23.1,20.5,33.5
2024-12-23 14:43:24,8.0,23.1,20.4,33.1
2024-12-23 14:43:29,7.6,23.2,20.6,33.8
2024-12-23 14:43:35,7.3,23.2,20.2,33.7
2024-12-23 14:43:40,7.2,23.2,20.1,33.9
2024-12-23 14:43:45,7.1,23.2,20.4,34.0
2024-12-23 14:43:50,7.1,23.3,20.6,33.4
2024-12-23 14:43:55,6.8,23.3,20.7,34.0
2024-12-23 14:44:01,7.2,23.4,20.9,33.6
2024-12-23 14:44:06,7.2,23.5,21.1,33.6
2024-12-23 14:44:11,7.4,23.5,21.2,33.5
2024-12-23 14:44:16,7.8,23.7,21.4,33.6
2024-12-23 14:44:21,7.7,23.7,21.6,34.0
2024-12-23 14:44:27,7.4,23.8,21.6,34.3
2024-12-23 14:44:32,7.4,23.9,21.9,33.9
2024-12-23 14:44:37,7.3,24.0,22.0,34.0
2024-12-23 14:44:42,7.1,24.1,22.1,33.7
2024-12-23 14:44:47,6.8,24.0,22.1,33.6
2024-12-23 14:44:53,7.1,24.1,22.1,33.6
2024-12-23 14:44:58,7.4,24.2,22.2,33.2
2024-12-23 14:45:03,8.6,24.2,22.4,33.5
2024-12-23 14:45:08,9.2,24.3,22.4,34.3
2024-12-23 14:45:13,8.5,24.3,22.3,34.2
2024-12-23 14:45:18,7.9,24.4,22.4,33.6
2024-12-23 14:45:24,7.6,24.4,22.5,33.2
2024-12-23 14:45:29,7.4,24.4,22.4,33.2
2024-12-23 14:45:34,7.3,24.4,22.1,33.6
2024-12-23 14:45:39,7.2,24.4,21.9,33.9
2024-12-23 14:45:44,7.2,24.4,22.0,33.7
2024-12-23 14:45:50,7.3,24.4,22.1,33.9
2024-12-23 14:45:55,7.2,24.5,22.2,33.7
2024-12-23 14:46:00,7.2,24.5,22.2,34.0
2024-12-23 14:46:05,7.1,24.6,22.3,34.1
2024-12-23 14:46:10,7.1,24.6,22.2,34.3
2024-12-23 14:46:16,7.2,24.7,22.3,34.1
2024-12-23 14:46:21,7.4,24.7,22.5,34.0
2024-12-23 14:46:26,7.7,24.8,22.4,33.8
2024-12-23 14:46:31,7.5,24.8,21.9,34.0
2024-12-23 14:46:36,7.4,24.8,22.3,34.0
2024-12-23 14:46:42,7.3,24.9,22.6,34.0
2024-12-23 14:46:47,7.3,24.9,22.9,34.1
2024-12-23 14:46:52,7.3,25.0,23.1,34.0
2024-12-23 14:46:57,7.2,25.1,23.3,34.4
2024-12-23 14:47:02,7.2,25.1,23.3,34.1
2024-12-23 14:47:07,7.2,25.1,23.5,34.3
2024-12-23 14:47:13,7.2,25.2,23.7,33.5
2024-12-23 14:47:18,7.2,25.2,23.8,34.0
2024-12-23 14:47:23,7.2,25.3,23.9,33.8
2024-12-23 14:47:28,7.2,25.4,23.9,33.6
2024-12-23 14:47:33,7.2,25.4,23.8,33.6
2024-12-23 14:47:39,7.3,25.4,23.6,33.6
2024-12-23 14:47:44,7.5,25.5,23.3,33.6
2024-12-23 14:47:49,7.8,25.5,23.1,33.1
2024-12-23 14:47:54,7.6,25.5,22.7,33.0
2024-12-23 14:47:59,7.1,25.5,22.6,33.5
2024-12-23 14:48:05,7.3,25.5,22.5,33.4
2024-12-23 14:48:10,7.3,25.5,22.3,33.4
2024-12-23 14:48:15,7.3,25.6,22.6,33.0
2024-12-23 14:48:20,7.5,25.7,22.7,33.3
2024-12-23 14:48:25,7.7,25.8,22.7,34.0
2024-12-23 14:48:30,7.6,25.9,22.8,33.3
2024-12-23 14:48:36,7.1,26.0,22.8,33.4
2024-12-23 14:48:41,7.0,26.0,22.6,33.1
2024-12-23 14:48:46,6.9,25.9,22.8,33.8
2024-12-23 14:48:51,7.4,25.9,22.9,33.7
2024-12-23 14:48:56,7.6,25.9,23.2,33.8
2024-12-23 14:49:02,7.9,26.0,23.4,33.6
2024-12-23 14:49:07,7.7,26.1,23.6,33.4
2024-12-23 14:49:12,7.6,26.1,23.9,33.7
2024-12-23 14:49:17,7.5,26.2,23.9,33.7
2024-12-23 14:49:22,7.4,26.2,24.0,34.2
2024-12-23 14:49:28,7.3,26.3,24.0,33.9
2024-12-23 14:49:33,7.4,26.4,24.1,33.5
2024-12-23 14:49:38,7.1,26.4,24.1,33.4
2024-12-23 14:49:43,7.5,26.5,24.2,33.6
2024-12-23 14:49:48,7.5,26.6,24.3,33.6
2024-12-23 14:49:54,7.6,26.6,24.4,34.6
2024-12-23 14:49:59,7.6,26.7,24.4,35.0
2024-12-23 14:50:04,7.5,26.8,24.4,34.6
2024-12-23 14:50:09,7.4,26.8,24.4,33.6
2024-12-23 14:50:14,7.4,26.8,24.4,33.7
2024-12-23 14:50:19,7.4,26.8,24.4,34.1
2024-12-23 14:50:25,8.1,26.8,24.6,34.1
2024-12-23 14:50:30,8.9,26.9,24.8,34.6
2024-12-23 14:50:35,8.6,26.9,25.0,34.6
2024-12-23 14:50:40,8.0,27.0,25.1,34.4
2024-12-23 14:50:45,8.5,27.0,25.1,34.4
2024-12-23 14:50:51,9.1,27.1,25.1,33.6
2024-12-23 14:50:56,8.7,27.1,24.9,33.4
2024-12-23 14:51:01,8.1,27.2,24.8,33.4
2024-12-23 14:51:06,8.0,27.3,24.9,33.8
2024-12-23 14:51:11,8.2,27.4,24.8,34.3
2024-12-23 14:51:17,8.7,27.5,25.0,34.3
2024-12-23 14:51:22,8.5,27.5,25.1,34.8
2024-12-23 14:51:27,8.2,27.3,25.1,34.5
2024-12-23 14:51:32,8.2,27.2,25.1,33.8
2024-12-23 14:51:37,7.9,27.2,25.0,34.0
2024-12-23 14:51:42,7.9,27.1,25.1,34.2
2024-12-23 14:51:48,7.7,27.0,25.2,34.6
2024-12-23 14:51:53,7.6,26.7,25.0,35.0
2024-12-23 14:51:58,7.5,26.6,25.1,35.3
2024-12-23 14:52:03,8.1,26.7,25.1,35.1
2024-12-23 14:52:08,8.5,26.9,25.1,34.4
2024-12-23 14:52:14,8.1,27.1,25.1,34.2
2024-12-23 14:52:19,8.1,27.2,25.0,34.0
2024-12-23 14:52:24,9.0,27.3,24.9,34.7
2024-12-23 14:52:29,9.1,27.3,24.8,34.8
2024-12-23 14:52:34,9.2,27.4,25.0,35.2
2024-12-23 14:52:40,8.6,27.5,25.2,34.8
2024-12-23 14:52:45,8.4,27.5,25.3,34.3
2024-12-23 14:52:50,8.0,27.5,25.4,34.7
2024-12-23 14:52:55,7.8,27.6,25.5,34.8
2024-12-23 14:53:00,7.7,27.6,25.6,35.2
2024-12-23 14:53:06,7.4,27.7,25.6,35.1
2024-12-23 14:53:11,7.4,27.7,25.4,35.4
2024-12-23 14:53:16,7.5,27.7,24.9,35.2
2024-12-23 14:53:21,8.4,27.7,24.5,35.4
2024-12-23 14:53:26,8.2,27.8,24.6,35.1
2024-12-23 14:53:31,8.8,27.9,24.8,35.1
2024-12-23 14:53:37,8.1,28.0,24.9,34.9
2024-12-23 14:53:42,7.7,27.9,25.2,34.5
2024-12-23 14:53:47,7.6,27.9,25.3,35.1
2024-12-23 14:53:52,7.6,28.0,25.3,35.0
2024-12-23 14:53:57,7.7,28.0,25.4,34.1
2024-12-23 14:54:03,7.8,28.1,25.7,34.1
2024-12-23 14:54:08,7.7,28.2,26.1,34.8
2024-12-23 14:54:13,7.6,28.3,26.3,35.0
2024-12-23 14:54:18,7.5,28.4,26.4,35.6
2024-12-23 14:54:23,8.3,28.4,26.0,35.2
2024-12-23 14:54:29,8.7,28.3,25.2,35.6
2024-12-23 14:54:34,8.3,28.4,24.9,35.4
2024-12-23 14:54:39,8.0,28.4,24.9,35.6
2024-12-23 14:54:44,7.9,28.5,25.3,35.5
2024-12-23 14:54:49,7.9,28.5,25.8,35.3
2024-12-23 14:54:55,7.9,28.6,26.1,35.6
2024-12-23 14:55:00,8.1,28.7,26.3,35.4
2024-12-23 14:55:05,8.1,28.7,26.2,35.2
2024-12-23 14:55:10,8.5,28.7,26.1,35.4
2024-12-23 14:55:15,8.2,28.8,26.2,35.3
2024-12-23 14:55:20,8.4,28.8,26.1,35.6
2024-12-23 14:55:26,8.6,28.9,25.9,35.2
2024-12-23 14:55:31,10.2,29.0,26.0,35.6
2024-12-23 14:55:36,9.4,29.0,26.1,35.5
2024-12-23 14:55:41,9.5,29.1,26.1,35.9
2024-12-23 14:55:46,8.9,29.1,26.1,35.7
2024-12-23 14:55:52,8.6,29.1,26.3,35.6
2024-12-23 14:55:57,8.4,29.2,26.5,35.7
2024-12-23 14:56:02,8.0,29.2,26.6,36.0
2024-12-23 14:56:07,8.0,29.2,26.7,36.0
2024-12-23 14:56:12,7.9,29.3,26.7,35.7
2024-12-23 14:56:18,7.8,29.3,26.7,36.0
2024-12-23 14:56:23,7.9,29.4,26.5,35.9
2024-12-23 14:56:28,7.9,29.5,26.4,35.5
2024-12-23 14:56:33,7.9,29.5,26.5,35.6
2024-12-23 14:56:38,7.8,29.2,26.5,35.3
2024-12-23 14:56:44,7.7,29.7,26.3,35.7
2024-12-23 14:56:49,8.8,29.7,26.1,35.5
2024-12-23 14:56:54,8.4,29.7,26.2,35.5
2024-12-23 14:56:59,7.9,29.8,26.0,35.3
2024-12-23 14:57:04,8.2,29.8,26.5,35.9
2024-12-23 14:57:09,8.3,29.8,26.7,36.1
2024-12-23 14:57:15,8.2,29.8,26.8,36.2
2024-12-23 14:57:20,8.2,29.8,26.7,36.6
2024-12-23 14:57:25,8.1,29.8,26.7,36.3
2024-12-23 14:57:30,8.1,29.8,26.8,36.0
2024-12-23 14:57:35,8.5,29.8,26.8,36.4
2024-12-23 14:57:41,8.4,29.9,26.8,36.3
2024-12-23 14:57:46,8.2,29.9,26.8,36.4
2024-12-23 14:57:51,8.4,29.9,26.9,36.4
2024-12-23 14:57:56,8.3,29.9,27.0,36.6
2024-12-23 14:58:01,8.0,29.9,26.8,36.7
2024-12-23 14:58:07,7.9,29.9,26.6,36.7
2024-12-23 14:58:12,7.8,30.0,26.7,36.6
2024-12-23 14:58:17,7.7,29.9,26.7,36.4
2024-12-23 14:58:22,8.6,30.0,26.1,36.9
2024-12-23 14:58:27,8.7,29.8,25.5,36.9
2024-12-23 14:58:33,8.6,29.9,25.4,36.7
2024-12-23 14:58:38,7.7,29.9,24.6,36.7
2024-12-23 14:58:43,7.7,29.9,24.4,36.6
2024-12-23 14:58:48,7.8,30.0,24.8,36.5
2024-12-23 14:58:53,7.6,30.1,24.7,37.0
2024-12-23 14:58:59,7.2,30.1,23.9,36.9
2024-12-23 14:59:04,7.1,30.2,24.0,35.6
2024-12-23 14:59:09,6.9,30.2,24.3,36.0
2024-12-23 14:59:14,7.2,30.3,24.9,36.3
2024-12-23 14:59:19,7.0,30.3,25.3,36.5
2024-12-23 14:59:24,7.1,30.4,25.6,36.6
2024-12-23 14:59:30,7.0,30.4,25.9,36.5
2024-12-23 14:59:35,7.0,30.4,25.9,36.6
2024-12-23 14:59:40,7.0,30.0,25.9,36.6
2024-12-23 14:59:45,6.9,30.0,26.1,36.6
2024-12-23 14:59:50,6.9,30.1,26.1,36.2
2024-12-23 14:59:56,6.8,30.2,25.9,36.1
2024-12-23 15:00:01,7.1,30.3,25.9,36.1
2024-12-23 15:00:06,10.1,30.4,26.0,36.3
2024-12-23 15:00:11,10.4,30.5,26.1,36.2
2024-12-23 15:00:16,10.6,30.6,26.0,36.5
2024-12-23 15:00:22,10.6,30.6,25.9,36.8
2024-12-23 15:00:27,9.6,30.6,25.9,36.8
2024-12-23 15:00:32,9.3,30.7,25.8,36.7
2024-12-23 15:00:37,10.1,30.8,26.1,36.6
2024-12-23 15:00:42,9.6,30.9,26.4,37.0
2024-12-23 15:00:47,9.2,30.9,26.5,36.9
2024-12-23 15:00:53,8.6,30.9,26.4,36.5
2024-12-23 15:00:58,9.8,30.8,26.3,36.8
2024-12-23 15:01:03,9.8,30.6,26.2,36.8
2024-12-23 15:01:08,8.8,30.6,26.5,37.1
2024-12-23 15:01:13,10.0,30.7,26.9,37.0
2024-12-23 15:01:19,10.1,30.6,26.8,36.8
2024-12-23 15:01:24,9.9,30.8,26.8,36.6
2024-12-23 15:01:29,9.0,31.0,27.5,37.0
2024-12-23 15:01:34,8.6,31.1,27.8,37.1
2024-12-23 15:01:39,8.5,31.3,28.2,37.0
2024-12-23 15:01:45,8.0,31.3,28.4,37.0
2024-12-23 15:01:50,8.3,31.1,28.3,36.9
2024-12-23 15:01:55,8.2,31.5,28.4,37.1
2024-12-23 15:02:00,8.4,31.6,28.7,37.0
2024-12-23 15:02:05,8.8,31.7,28.9,37.0
2024-12-23 15:02:11,8.8,31.7,29.0,36.9
2024-12-23 15:02:16,8.7,31.8,29.2,37.0
2024-12-23 15:02:21,8.5,31.8,29.3,37.0
2024-12-23 15:02:26,9.4,31.9,29.6,37.0
2024-12-23 15:02:31,9.4,32.0,29.8,37.1
2024-12-23 15:02:37,9.2,32.1,30.0,37.0
2024-12-23 15:02:42,8.5,32.1,29.9,37.0
2024-12-23 15:02:47,8.3,32.1,29.9,36.7
2024-12-23 15:02:52,8.4,32.2,29.9,36.9
2024-12-23 15:02:57,8.4,32.0,29.9,36.9
2024-12-23 15:03:02,8.5,32.2,30.0,37.0
2024-12-23 15:03:08,8.4,32.3,30.0,36.5
2024-12-23 15:03:13,8.2,32.3,30.0,36.6
2024-12-23 15:03:18,8.1,32.4,29.8,37.0
2024-12-23 15:03:23,8.2,32.4,29.9,36.8
2024-12-23 15:03:28,8.5,32.5,29.9,36.8
2024-12-23 15:03:34,9.2,32.5,30.0,36.6
2024-12-23 15:03:39,9.0,32.5,30.1,36.9
2024-12-23 15:03:44,8.4,32.3,30.0,37.3
2024-12-23 15:03:49,8.3,32.4,29.8,37.3
2024-12-23 15:03:54,8.4,32.4,29.9,37.3
2024-12-23 15:04:00,8.6,32.5,30.1,37.3
2024-12-23 15:04:05,8.4,32.6,30.2,37.1
2024-12-23 15:04:10,8.3,32.6,30.2,37.5
2024-12-23 15:04:15,8.3,32.7,30.3,37.5
2024-12-23 15:04:20,8.3,32.8,30.3,37.4
2024-12-23 15:04:26,8.3,32.9,30.4,37.0
2024-12-23 15:04:31,7.9,32.9,30.5,37.1
2024-12-23 15:04:36,8.0,32.9,30.4,37.1
2024-12-23 15:04:41,8.4,32.9,30.4,37.1
2024-12-23 15:04:46,8.4,33.0,30.4,36.9
2024-12-23 15:04:51,8.0,33.1,29.9,36.7
2024-12-23 15:04:57,8.0,33.1,29.8,36.9
2024-12-23 15:05:02,7.9,33.2,29.8,36.6
2024-12-23 15:05:07,9.4,33.1,29.5,36.8
2024-12-23 15:05:12,8.9,33.2,29.2,36.8
2024-12-23 15:05:17,8.4,33.3,29.5,36.9
2024-12-23 15:05:23,8.0,33.2,29.6,36.9
2024-12-23 15:05:28,7.9,33.3,29.6,36.7
2024-12-23 15:05:33,7.9,33.3,29.7,36.9
2024-12-23 15:05:38,7.9,33.4,30.1,36.9
2024-12-23 15:05:43,7.7,32.9,29.8,37.0
2024-12-23 15:05:49,7.7,31.9,29.4,37.0
2024-12-23 15:05:54,8.5,32.1,29.3,37.1
2024-12-23 15:05:59,8.4,32.5,29.4,37.0
2024-12-23 15:06:04,8.5,32.8,29.4,37.0
2024-12-23 15:06:09,8.3,33.0,29.6,37.0
2024-12-23 15:06:15,8.0,33.1,29.8,36.9
2024-12-23 15:06:20,7.9,33.2,30.1,36.9
2024-12-23 15:06:25,8.1,33.3,30.3,36.8
2024-12-23 15:06:30,8.0,33.4,30.4,36.5
2024-12-23 15:06:35,8.1,33.5,30.5,36.8
2024-12-23 15:06:40,8.0,33.6,30.5,36.8
2024-12-23 15:06:46,7.9,33.6,30.5,36.8
2024-12-23 15:06:51,7.8,33.7,30.2,36.6
2024-12-23 15:06:56,7.5,33.6,29.7,36.9
2024-12-23 15:07:01,7.6,33.4,29.6,36.7
2024-12-23 15:07:06,7.5,33.5,29.5,36.7
2024-12-23 15:07:12,8.6,33.6,29.0,36.5
2024-12-23 15:07:17,8.7,33.7,28.9,36.5
2024-12-23 15:07:22,8.9,33.7,28.6,36.6
2024-12-23 15:07:27,9.4,33.8,27.8,36.5
2024-12-23 15:07:32,12.2,33.8,28.5,36.4
2024-12-23 15:07:38,12.4,33.9,29.1,36.4
2024-12-23 15:07:43,10.2,33.9,29.4,36.2
2024-12-23 15:07:48,9.8,34.0,29.6,36.4
2024-12-23 15:07:53,9.0,33.1,29.5,36.4
2024-12-23 15:07:58,8.9,33.1,29.4,36.8
2024-12-23 15:08:04,8.5,33.4,29.4,36.9
2024-12-23 15:08:09,8.8,33.6,29.4,37.1
2024-12-23 15:08:14,8.3,33.8,29.6,37.1
2024-12-23 15:08:19,8.1,33.9,29.9,37.0
2024-12-23 15:08:24,8.0,34.0,30.3,37.2
2024-12-23 15:08:29,7.9,34.0,30.4,37.1
2024-12-23 15:08:35,7.8,34.1,30.4,37.0
2024-12-23 15:08:40,12.7,34.1,30.4,37.0
2024-12-23 15:08:45,23.6,34.2,30.6,36.8
2024-12-23 15:08:50,17.2,34.2,31.0,36.8
2024-12-23 15:08:55,13.3,34.4,31.2,37.1
2024-12-23 15:09:01,11.2,34.3,31.2,37.1
2024-12-23 15:09:06,11.7,34.5,31.0,37.2
2024-12-23 15:09:11,9.5,34.5,30.4,37.3
2024-12-23 15:09:16,9.2,34.4,29.9,37.0
2024-12-23 15:09:21,10.6,34.4,29.3,36.9
2024-12-23 15:09:27,9.7,34.5,29.3,36.9
2024-12-23 15:09:32,9.2,34.4,29.6,36.6
2024-12-23 15:09:37,8.7,34.6,30.1,36.9
2024-12-23 15:09:42,8.5,34.6,30.0,37.1
2024-12-23 15:09:47,8.3,34.3,30.0,36.9
2024-12-23 15:09:53,9.0,34.3,29.9,36.8
2024-12-23 15:09:58,9.7,34.5,29.8,36.6
2024-12-23 15:10:03,12.0,34.7,30.1,36.6
2024-12-23 15:10:08,11.5,34.8,30.4,36.8
2024-12-23 15:10:13,10.0,34.9,30.8,36.8
2024-12-23 15:10:18,9.5,35.0,31.0,36.6
2024-12-23 15:10:24,10.1,35.1,31.2,36.4
2024-12-23 15:10:29,9.9,35.2,31.2,36.2
2024-12-23 15:10:34,11.0,35.3,31.7,36.2
2024-12-23 15:10:39,10.0,35.4,32.0,36.2
2024-12-23 15:10:44,10.0,35.5,32.1,36.6
2024-12-23 15:10:50,9.0,35.5,32.3,36.7
2024-12-23 15:10:55,8.8,35.5,32.4,36.7
2024-12-23 15:11:00,9.5,35.6,32.5,36.7
2024-12-23 15:11:05,9.1,35.6,32.5,36.4
2024-12-23 15:11:10,9.2,35.8,32.6,36.4
2024-12-23 15:11:16,8.7,35.9,32.6,36.4
2024-12-23 15:11:21,8.4,36.0,32.8,36.2
2024-12-23 15:11:26,8.4,36.2,32.9,37.0
2024-12-23 15:11:31,8.5,36.4,32.8,36.4
2024-12-23 15:11:36,8.5,36.4,33.0,36.2
2024-12-23 15:11:41,8.4,36.4,33.1,36.2
2024-12-23 15:11:47,8.3,36.4,33.1,36.4
2024-12-23 15:11:52,8.3,36.5,32.8,37.0
2024-12-23 15:11:57,8.3,36.5,32.2,36.8
2024-12-23 15:12:02,8.0,36.5,32.0,36.8
2024-12-23 15:12:07,7.9,36.5,31.5,36.8
2024-12-23 15:12:13,8.1,36.5,31.7,36.5
2024-12-23 15:12:18,9.4,36.2,32.0,36.6
2024-12-23 15:12:23,9.6,36.5,32.2,36.9
2024-12-23 15:12:28,9.4,36.4,32.5,36.7
2024-12-23 15:12:33,9.0,36.4,32.8,35.3
2024-12-23 15:12:39,8.6,36.3,32.8,35.2
2024-12-23 15:12:44,8.3,36.3,32.7,35.2
2024-12-23 15:12:49,8.6,36.4,32.9,35.1
2024-12-23 15:12:54,8.3,36.5,33.0,36.5
2024-12-23 15:12:59,8.7,36.6,33.2,37.9
2024-12-23 15:13:04,8.8,36.7,33.4,36.3
2024-12-23 15:13:10,8.7,36.8,33.5,36.3
2024-12-23 15:13:15,9.6,36.8,33.7,36.4
2024-12-23 15:13:20,9.3,36.7,33.8,36.5
2024-12-23 15:13:25,8.8,36.9,33.4,36.6
2024-12-23 15:13:30,8.6,36.9,33.0,36.0
2024-12-23 15:13:36,9.0,36.9,32.4,35.6
2024-12-23 15:13:41,8.5,36.8,31.6,36.3
2024-12-23 15:13:46,8.5,36.8,31.6,36.9
2024-12-23 15:13:51,8.3,36.9,31.6,36.8
2024-12-23 15:13:56,8.0,37.0,31.8,36.9
2024-12-23 15:14:02,9.0,37.0,32.0,37.6
2024-12-23 15:14:07,9.5,37.0,32.2,36.8
2024-12-23 15:14:12,9.2,37.1,32.7,37.1
2024-12-23 15:14:17,9.5,37.2,32.9,37.5
2024-12-23 15:14:22,9.1,37.2,33.1,36.8
2024-12-23 15:14:28,9.0,37.2,33.3,36.4
2024-12-23 15:14:33,8.6,37.2,33.5,36.9
2024-12-23 15:14:38,8.9,37.3,33.7,37.2
2024-12-23 15:14:43,8.9,37.4,33.7,37.1
2024-12-23 15:14:48,8.7,37.5,33.9,37.3
2024-12-23 15:14:54,8.5,37.5,34.0,37.4
2024-12-23 15:14:59,8.2,37.5,34.0,37.8
2024-12-23 15:15:04,8.2,37.5,34.0,38.7
2024-12-23 15:15:09,8.2,37.6,33.9,37.8
2024-12-23 15:15:14,8.2,37.5,33.8,37.0
2024-12-23 15:15:19,8.1,37.5,33.7,37.3
2024-12-23 15:15:25,8.2,37.6,33.6,37.1
2024-12-23 15:15:30,8.1,37.6,33.6,36.4
2024-12-23 15:15:35,8.0,37.6,33.5,37.1
2024-12-23 15:15:40,8.2,37.7,33.3,37.4
2024-12-23 15:15:45,8.3,37.8,33.1,36.7
2024-12-23 15:15:51,8.5,37.8,33.1,37.1
2024-12-23 15:15:56,8.7,37.9,33.0,37.5
2024-12-23 15:16:01,8.6,38.0,33.0,37.7
2024-12-23 15:16:06,8.7,37.9,33.0,37.7
2024-12-23 15:16:11,8.7,38.0,32.8,37.1
2024-12-23 15:16:17,8.5,38.0,32.8,37.3
2024-12-23 15:16:22,8.7,38.1,32.9,37.3
2024-12-23 15:16:27,8.4,38.1,33.1,37.3
2024-12-23 15:16:32,8.3,38.1,33.4,37.5
2024-12-23 15:16:37,8.1,37.9,33.2,37.1
2024-12-23 15:16:42,8.4,38.0,33.1,37.3
2024-12-23 15:16:48,8.1,38.0,32.8,38.1
2024-12-23 15:16:53,8.3,37.8,32.6,37.7
2024-12-23 15:16:58,8.2,37.8,32.5,37.7
2024-12-23 15:17:03,8.3,37.9,32.2,37.8
2024-12-23 15:17:08,8.1,38.1,32.1,37.7
2024-12-23 15:17:14,8.9,38.2,32.1,37.8
2024-12-23 15:17:19,9.2,38.3,32.1,37.9
2024-12-23 15:17:24,9.2,38.3,31.9,37.9
2024-12-23 15:17:29,9.0,38.3,32.0,37.8
2024-12-23 15:17:34,8.3,38.4,32.2,37.8
2024-12-23 15:17:40,7.9,38.4,32.7,37.9
2024-12-23 15:17:45,8.1,38.5,33.2,37.7
2024-12-23 15:17:50,8.1,38.5,33.6,37.4
2024-12-23 15:17:55,8.0,38.5,33.7,37.4
2024-12-23 15:18:00,8.0,38.5,33.7,37.4
2024-12-23 15:18:06,8.0,38.5,33.9,37.9
2024-12-23 15:18:11,8.2,38.6,33.8,37.7
2024-12-23 15:18:16,8.2,38.6,34.2,37.3
2024-12-23 15:18:21,8.3,38.7,34.3,37.8
2024-12-23 15:18:26,8.0,38.6,34.4,37.3
2024-12-23 15:18:31,8.2,38.7,34.4,37.4
2024-12-23 15:18:37,8.1,38.7,34.4,37.5
2024-12-23 15:18:42,8.2,38.7,34.2,37.5
2024-12-23 15:18:47,8.2,38.8,34.2,37.9
2024-12-23 15:18:52,8.2,38.8,34.3,38.1
2024-12-23 15:18:57,8.2,38.9,34.4,38.2
2024-12-23 15:19:03,8.2,38.9,34.4,38.2
2024-12-23 15:19:08,8.1,38.6,34.4,38.0
2024-12-23 15:19:13,8.1,38.7,34.4,38.4
2024-12-23 15:19:18,8.2,38.8,34.3,38.5
2024-12-23 15:19:23,8.3,38.9,34.4,38.7
2024-12-23 15:19:29,8.2,38.8,34.6,38.6
2024-12-23 15:19:34,8.2,38.7,34.6,37.8
2024-12-23 15:19:39,8.1,38.8,34.7,38.1
2024-12-23 15:19:44,8.3,38.9,34.7,38.3
2024-12-23 15:19:49,8.3,39.0,34.8,38.4
2024-12-23 15:19:55,8.2,38.8,35.0,38.5
2024-12-23 15:20:00,8.2,38.8,34.9,38.3
2024-12-23 15:20:05,8.2,38.9,34.9,38.3
2024-12-23 15:20:10,8.3,39.1,34.9,38.3
2024-12-23 15:20:15,8.3,39.2,34.9,37.9
2024-12-23 15:20:21,8.2,39.2,34.9,38.3
2024-12-23 15:20:26,8.3,39.3,34.7,38.3
2024-12-23 15:20:31,8.2,39.3,34.6,38.2
2024-12-23 15:20:36,7.9,39.4,34.6,38.3
2024-12-23 15:20:41,8.2,39.6,34.6,38.4
2024-12-23 15:20:46,8.3,39.6,34.7,38.6
2024-12-23 15:20:52,8.6,39.7,34.5,38.5
2024-12-23 15:20:57,9.0,39.7,34.1,38.2
2024-12-23 15:21:02,8.6,39.8,33.8,38.5
2024-12-23 15:21:07,8.9,39.8,33.8,38.4
2024-12-23 15:21:12,11.1,39.8,33.2,38.0
2024-12-23 15:21:18,10.6,39.8,33.2,38.3
2024-12-23 15:21:23,10.2,39.9,33.3,38.5
2024-12-23 15:21:28,10.2,40.0,33.4,38.5
2024-12-23 15:21:33,9.3,40.0,33.5,38.6
2024-12-23 15:21:38,9.0,40.0,33.7,38.6
2024-12-23 15:21:44,9.1,40.0,33.9,38.6
2024-12-23 15:21:49,8.9,40.1,34.2,38.7
2024-12-23 15:21:54,9.1,40.0,34.4,38.7
2024-12-23 15:21:59,9.1,40.1,34.6,38.8
2024-12-23 15:22:04,9.5,40.1,34.9,38.7
2024-12-23 15:22:09,10.1,40.1,35.1,38.4
2024-12-23 15:22:15,9.4,40.1,35.3,38.4
2024-12-23 15:22:20,9.4,39.9,35.4,38.7
2024-12-23 15:22:25,9.8,40.1,35.4,38.7
2024-12-23 15:22:30,10.4,40.2,35.1,38.5
2024-12-23 15:22:35,10.9,40.3,35.0,38.4
2024-12-23 15:22:41,10.4,40.4,34.8,38.6
2024-12-23 15:22:46,10.0,40.4,34.9,38.6
2024-12-23 15:22:51,9.6,40.4,35.2,38.6
2024-12-23 15:22:56,9.3,40.4,35.5,38.6
2024-12-23 15:23:01,9.1,40.2,35.6,38.7
2024-12-23 15:23:07,8.6,40.2,35.6,38.7
2024-12-23 15:23:12,8.9,40.4,35.6,38.1
2024-12-23 15:23:17,9.0,40.4,35.8,38.2
2024-12-23 15:23:22,9.0,40.6,36.0,38.2
2024-12-23 15:23:27,9.0,40.7,36.0,38.3
2024-12-23 15:23:33,8.9,40.8,35.9,38.5
2024-12-23 15:23:38,8.9,40.7,36.3,38.5
2024-12-23 15:23:43,8.9,40.8,36.4,38.6
2024-12-23 15:23:48,8.7,40.9,36.3,38.6
2024-12-23 15:23:53,9.6,41.0,36.0,38.7
2024-12-23 15:23:59,9.7,41.1,35.5,38.7
2024-12-23 15:24:04,9.2,41.2,35.5,38.6
2024-12-23 15:24:09,9.2,41.3,35.4,38.5
2024-12-23 15:24:14,9.0,41.4,35.5,38.4
2024-12-23 15:24:19,9.0,41.5,35.7,38.5
2024-12-23 15:24:24,9.1,41.2,35.9,38.4
2024-12-23 15:24:30,9.1,41.3,36.1,38.5
2024-12-23 15:24:35,9.4,41.6,36.2,38.6
2024-12-23 15:24:40,9.4,41.6,36.1,38.7
2024-12-23 15:24:45,9.5,41.7,35.9,38.4
2024-12-23 15:24:50,9.2,41.6,35.8,38.3
2024-12-23 15:24:56,9.0,41.6,35.7,38.4
2024-12-23 15:25:01,9.1,41.7,35.8,38.4
2024-12-23 15:25:06,8.9,41.8,35.9,38.2
2024-12-23 15:25:11,9.6,41.8,36.0,37.8
2024-12-23 15:25:16,9.5,41.8,36.0,38.5
2024-12-23 15:25:21,9.2,41.8,36.1,38.4
2024-12-23 15:25:27,9.5,41.9,36.1,38.2
2024-12-23 15:25:32,9.5,41.9,36.1,39.1
2024-12-23 15:25:37,9.4,41.8,36.2,39.1
2024-12-23 15:25:42,9.5,41.9,36.4,38.6
2024-12-23 15:25:47,9.9,42.0,36.6,38.7
2024-12-23 15:25:53,10.3,42.0,36.7,39.1
2024-12-23 15:25:58,10.8,42.1,36.7,39.3
2024-12-23 15:26:03,10.3,42.2,36.8,39.1
2024-12-23 15:26:08,9.7,42.2,36.8,39.1
2024-12-23 15:26:13,9.5,42.2,36.9,38.2
2024-12-23 15:26:19,9.4,42.3,37.1,37.5
2024-12-23 15:26:24,9.4,42.3,37.3,38.7
2024-12-23 15:26:29,9.7,42.4,37.5,39.8
2024-12-23 15:26:34,9.4,42.5,37.4,39.3
2024-12-23 15:26:39,9.4,42.6,37.9,39.6
2024-12-23 15:26:45,9.3,42.7,38.0,39.4
2024-12-23 15:26:50,9.7,42.8,37.8,39.3
2024-12-23 15:26:55,9.6,42.8,37.7,39.4
2024-12-23 15:27:00,9.5,42.8,37.6,38.7
2024-12-23 15:27:05,9.5,42.8,37.7,38.3
2024-12-23 15:27:10,9.5,42.8,37.6,38.8
2024-12-23 15:27:16,9.5,42.8,37.7,39.2
2024-12-23 15:27:21,9.4,42.8,37.7,39.1
2024-12-23 15:27:26,9.2,42.8,37.7,39.2
2024-12-23 15:27:31,9.0,42.8,37.3,39.3
2024-12-23 15:27:36,9.1,42.8,37.2,39.5
2024-12-23 15:27:42,9.2,42.9,37.2,39.6
2024-12-23 15:27:47,9.2,42.9,37.2,39.4
2024-12-23 15:27:52,9.1,43.0,37.2,39.1
2024-12-23 15:27:57,9.2,43.1,37.4,39.1
2024-12-23 15:28:02,9.4,43.1,37.5,39.6
2024-12-23 15:28:08,9.4,43.1,37.7,38.7
2024-12-23 15:28:13,9.3,43.1,37.8,38.6
2024-12-23 15:28:18,9.2,43.1,37.8,39.4
2024-12-23 15:28:23,9.3,43.1,37.9,39.7
2024-12-23 15:28:28,9.4,43.1,38.0,39.3
2024-12-23 15:28:34,9.3,43.0,38.2,39.7
2024-12-23 15:28:39,9.2,42.6,38.2,39.2
2024-12-23 15:28:44,9.4,42.7,37.9,39.2
2024-12-23 15:28:49,10.8,42.8,37.5,39.5
2024-12-23 15:28:54,10.5,42.9,37.1,38.8
2024-12-23 15:29:00,10.2,42.8,37.3,38.9
2024-12-23 15:29:05,10.1,42.9,37.4,39.6
2024-12-23 15:29:10,9.7,43.0,37.3,39.7
2024-12-23 15:29:15,9.8,43.1,37.3,39.5
2024-12-23 15:29:20,9.6,43.1,37.4,39.4
2024-12-23 15:29:25,9.4,43.0,37.5,39.4
2024-12-23 15:29:31,9.2,43.0,37.4,39.5
2024-12-23 15:29:36,9.9,43.1,37.4,39.8
2024-12-23 15:29:41,10.5,42.7,37.2,39.7
2024-12-23 15:29:46,9.9,43.0,37.2,39.6
2024-12-23 15:29:51,9.7,43.0,37.3,39.8
2024-12-23 15:29:57,9.6,42.6,37.5,39.3
2024-12-23 15:30:02,9.3,42.8,37.6,38.8
2024-12-23 15:30:07,9.4,43.1,37.9,39.5
2024-12-23 15:30:12,10.0,43.3,37.7,40.0
2024-12-23 15:30:17,10.2,43.5,37.4,40.0
2024-12-23 15:30:23,9.6,43.6,37.4,40.0
2024-12-23 15:30:28,9.8,43.7,37.5,39.2
2024-12-23 15:30:33,9.5,43.8,37.5,39.0
2024-12-23 15:30:38,9.6,43.9,37.6,39.5
2024-12-23 15:30:43,10.2,44.0,37.8,39.0
2024-12-23 15:30:49,9.6,44.0,37.8,38.6
2024-12-23 15:30:54,10.4,44.1,37.9,39.4
2024-12-23 15:30:59,12.4,44.1,38.1,39.6
2024-12-23 15:31:04,11.2,44.1,38.4,38.9
2024-12-23 15:31:09,10.6,44.1,38.6,39.2
2024-12-23 15:31:15,10.2,44.1,38.8,39.7
2024-12-23 15:31:20,9.9,44.1,39.0,40.1
2024-12-23 15:31:25,9.8,44.2,39.3,39.9
2024-12-23 15:31:30,10.3,44.1,39.3,40.0
2024-12-23 15:31:35,10.4,43.8,39.3,39.5
2024-12-23 15:31:40,9.8,43.9,39.4,39.5
2024-12-23 15:31:46,9.5,43.9,39.4,38.9
2024-12-23 15:31:51,9.3,44.0,39.4,39.1
2024-12-23 15:31:56,8.9,44.1,39.6,40.0
2024-12-23 15:32:01,9.2,44.1,39.6,40.3
2024-12-23 15:32:06,9.2,44.4,39.7,40.4
2024-12-23 15:32:12,9.3,44.5,39.7,39.3
2024-12-23 15:32:17,10.5,44.6,39.6,38.4
2024-12-23 15:32:22,10.4,44.7,39.4,38.8
2024-12-23 15:32:27,10.0,44.7,39.2,39.1
2024-12-23 15:32:32,10.1,44.7,39.1,38.8
2024-12-23 15:32:38,9.6,44.8,39.2,39.3
2024-12-23 15:32:43,9.5,44.7,39.3,39.7
2024-12-23 15:32:48,9.6,44.8,39.3,39.6
2024-12-23 15:32:53,9.4,44.8,39.5,39.2
2024-12-23 15:32:58,9.9,44.1,39.6,39.9
2024-12-23 15:33:03,10.0,44.2,39.6,39.9
2024-12-23 15:33:09,9.6,44.5,39.7,39.7
2024-12-23 15:33:14,10.6,44.7,39.7,39.9
2024-12-23 15:33:19,12.7,44.8,39.4,39.1
2024-12-23 15:33:24,12.6,44.9,39.1,39.8
2024-12-23 15:33:29,12.7,44.8,39.1,39.7
2024-12-23 15:33:35,12.0,44.8,39.3,39.8
2024-12-23 15:33:40,11.2,45.0,39.4,39.2
2024-12-23 15:33:45,10.7,45.2,39.7,39.2
2024-12-23 15:33:50,12.8,45.3,39.5,40.7
2024-12-23 15:33:55,11.3,45.4,39.6,40.0
2024-12-23 15:34:01,10.8,45.4,39.5,39.3
2024-12-23 15:34:06,11.5,45.5,39.6,39.4
2024-12-23 15:34:11,10.8,45.5,39.8,40.2
2024-12-23 15:34:16,10.2,45.5,40.0,39.9
2024-12-23 15:34:21,9.9,45.6,40.3,39.3
2024-12-23 15:34:27,9.9,45.7,40.4,39.7
2024-12-23 15:34:32,9.7,45.8,40.4,39.4
2024-12-23 15:34:37,9.5,45.9,40.5,39.3
2024-12-23 15:34:42,9.6,46.0,40.6,39.6
2024-12-23 15:34:47,9.6,46.0,40.6,39.7
2024-12-23 15:34:53,9.5,46.0,40.7,40.3
2024-12-23 15:34:58,9.5,46.0,40.9,40.1
2024-12-23 15:35:03,9.5,46.0,41.0,40.3
2024-12-23 15:35:08,9.7,46.1,41.2,39.6
2024-12-23 15:35:13,9.4,46.2,41.3,40.6
2024-12-23 15:35:18,9.7,46.3,41.2,41.0
2024-12-23 15:35:24,9.7,46.3,40.6,40.5
2024-12-23 15:35:29,10.6,46.4,40.4,40.3
2024-12-23 15:35:34,10.9,46.5,40.3,40.8
2024-12-23 15:35:39,11.8,46.4,40.3,40.7
2024-12-23 15:35:44,11.7,46.5,40.6,40.4
2024-12-23 15:35:50,11.6,46.3,40.6,40.3
2024-12-23 15:35:55,11.0,46.7,40.9,40.4
2024-12-23 15:36:00,10.6,46.9,41.0,40.4
2024-12-23 15:36:05,10.3,46.9,41.1,40.3
2024-12-23 15:36:10,9.9,46.9,41.1,40.8
2024-12-23 15:36:16,9.5,47.0,41.2,40.9
2024-12-23 15:36:21,10.1,47.1,41.3,41.0
2024-12-23 15:36:26,10.0,47.2,41.5,41.1
2024-12-23 15:36:31,10.3,47.3,41.6,40.9
2024-12-23 15:36:36,10.2,47.5,41.7,40.7
2024-12-23 15:36:42,10.1,47.5,41.9,40.6
2024-12-23 15:36:47,9.9,47.4,41.9,40.6
2024-12-23 15:36:52,9.9,47.4,42.1,40.3
2024-12-23 15:36:57,9.5,47.2,42.1,40.6
2024-12-23 15:37:02,10.1,47.4,42.1,41.2
2024-12-23 15:37:07,10.0,47.6,42.1,40.8
2024-12-23 15:37:13,9.8,47.7,42.4,40.6
2024-12-23 15:37:18,9.6,47.7,42.5,40.8
2024-12-23 15:37:23,9.6,47.7,42.8,40.9
2024-12-23 15:37:28,9.6,47.8,42.8,41.0
2024-12-23 15:37:33,9.6,47.9,42.9,41.3
2024-12-23 15:37:39,9.5,47.7,43.0,40.7
2024-12-23 15:37:44,9.7,47.9,43.0,41.1
2024-12-23 15:37:49,9.7,48.0,42.5,41.4
2024-12-23 15:37:54,9.7,48.0,42.8,41.3
2024-12-23 15:37:59,9.9,48.2,42.8,41.4
2024-12-23 15:38:04,9.8,48.2,42.6,41.1
2024-12-23 15:38:10,9.8,48.3,42.7,40.8
2024-12-23 15:38:15,11.5,48.4,42.7,41.0
2024-12-23 15:38:20,12.0,48.4,42.4,41.0
2024-12-23 15:38:25,11.8,48.5,42.5,41.3
2024-12-23 15:38:30,10.9,48.5,42.7,41.4
2024-12-23 15:38:36,10.3,48.6,42.9,41.5
2024-12-23 15:38:41,9.9,48.6,43.1,41.6
2024-12-23 15:38:46,10.1,48.8,43.1,41.4
2024-12-23 15:38:51,10.2,49.0,43.1,41.4
2024-12-23 15:38:56,10.4,49.1,43.1,41.2
2024-12-23 15:39:02,10.3,49.2,43.2,41.2
2024-12-23 15:39:07,10.2,49.2,43.2,40.7
2024-12-23 15:39:12,10.0,49.3,43.2,41.0
2024-12-23 15:39:17,10.1,49.3,43.2,41.5
2024-12-23 15:39:22,9.8,49.4,43.2,41.9
2024-12-23 15:39:28,9.6,49.5,43.1,41.5
2024-12-23 15:39:33,9.7,49.6,43.1,41.3
2024-12-23 15:39:38,9.7,49.2,43.1,41.5
2024-12-23 15:39:43,9.6,49.6,43.2,41.4
2024-12-23 15:39:48,9.6,49.6,43.2,40.8
2024-12-23 15:39:53,9.6,49.5,43.1,40.6
2024-12-23 15:39:59,9.5,49.8,42.8,41.0
2024-12-23 15:40:04,9.2,49.8,42.7,40.8
2024-12-23 15:40:09,9.2,49.9,42.7,41.4
2024-12-23 15:40:14,9.7,49.9,43.0,41.5
2024-12-23 15:40:19,9.7,49.9,43.3,41.3
2024-12-23 15:40:25,9.8,50.0,43.5,40.7
2024-12-23 15:40:30,9.7,50.0,42.6,40.9
2024-12-23 15:40:35,9.8,50.0,42.7,41.2
2024-12-23 15:40:40,9.8,50.0,42.8,41.3
2024-12-23 15:40:45,9.8,50.0,42.8,41.0
2024-12-23 15:40:50,9.8,49.2,42.8,41.2
2024-12-23 15:40:56,12.9,49.2,42.6,41.4
2024-12-23 15:41:01,11.6,49.5,42.6,41.3
2024-12-23 15:41:06,12.4,49.7,42.6,41.4
2024-12-23 15:41:11,12.2,49.9,42.3,41.2
2024-12-23 15:41:16,11.7,50.0,42.3,41.0
2024-12-23 15:41:22,10.7,50.0,42.5,41.0
2024-12-23 15:41:27,10.2,50.1,42.5,41.0
2024-12-23 15:41:32,10.4,50.2,42.6,40.8
2024-12-23 15:41:37,9.7,50.3,42.7,41.6
2024-12-23 15:41:42,9.4,50.4,43.0,41.5
2024-12-23 15:41:48,9.4,50.4,43.1,41.3
2024-12-23 15:41:53,9.9,50.5,43.1,41.3
2024-12-23 15:41:58,9.8,50.5,43.2,41.1
2024-12-23 15:42:03,9.6,50.4,43.3,41.3
2024-12-23 15:42:08,9.5,50.3,43.2,41.1
2024-12-23 15:42:14,9.4,50.2,42.8,41.2
2024-12-23 15:42:19,10.4,50.4,42.7,41.2
2024-12-23 15:42:24,10.9,50.4,42.5,41.4
2024-12-23 15:42:29,10.5,50.6,42.5,41.3
2024-12-23 15:42:34,9.3,50.7,42.7,41.8
2024-12-23 15:42:40,9.9,50.7,42.9,41.7
2024-12-23 15:42:45,9.8,50.8,43.2,41.4
2024-12-23 15:42:50,9.9,50.7,43.4,41.2
2024-12-23 15:42:55,10.5,50.6,43.4,41.2
2024-12-23 15:43:00,9.9,50.6,43.5,41.0
2024-12-23 15:43:06,9.6,49.6,43.6,40.9
2024-12-23 15:43:11,9.1,49.4,43.8,41.5
2024-12-23 15:43:16,9.7,49.1,44.1,41.7
2024-12-23 15:43:21,9.7,49.3,44.0,41.5
2024-12-23 15:43:26,10.0,49.6,43.9,41.6
2024-12-23 15:43:32,10.1,49.7,43.8,41.4
2024-12-23 15:43:37,11.3,50.0,43.6,41.3
2024-12-23 15:43:42,11.8,50.0,43.4,41.0
2024-12-23 15:43:47,11.9,50.4,43.4,41.1
2024-12-23 15:43:52,13.1,50.5,43.4,41.6
2024-12-23 15:43:58,13.2,50.6,43.3,41.7
2024-12-23 15:44:03,12.7,50.7,43.4,41.6
2024-12-23 15:44:08,12.2,50.7,43.4,41.8
2024-12-23 15:44:13,11.4,50.9,43.5,41.6
2024-12-23 15:44:18,10.9,50.9,43.8,41.4
2024-12-23 15:44:23,10.8,51.0,44.1,41.3
2024-12-23 15:44:29,11.5,51.1,44.0,41.2
2024-12-23 15:44:34,12.3,51.1,44.1,41.2
2024-12-23 15:44:39,14.0,51.0,44.0,41.7
2024-12-23 15:44:44,14.2,51.0,43.8,41.7
2024-12-23 15:44:49,12.6,51.1,44.3,41.8
2024-12-23 15:44:55,11.2,51.2,44.4,41.8
2024-12-23 15:45:00,10.6,51.3,44.4,41.6
2024-12-23 15:45:05,9.9,51.2,44.5,41.6
2024-12-23 15:45:10,9.3,51.0,44.4,41.5
2024-12-23 15:45:15,9.1,51.0,44.5,41.5
2024-12-23 15:45:21,9.4,50.9,44.8,41.6
2024-12-23 15:45:26,9.0,51.0,44.9,41.7
2024-12-23 15:45:31,9.1,51.1,45.0,41.9
2024-12-23 15:45:36,9.1,50.8,45.0,41.9
2024-12-23 15:45:41,9.0,50.6,44.9,41.9
2024-12-23 15:45:47,9.1,50.4,44.8,41.9
2024-12-23 15:45:52,9.0,50.5,44.3,41.9
2024-12-23 15:45:57,9.0,50.8,44.8,41.8
2024-12-23 15:46:02,9.1,51.1,44.8,41.7
2024-12-23 15:46:07,9.2,51.3,44.9,41.9
2024-12-23 15:46:13,9.4,51.5,45.0,41.8
2024-12-23 15:46:18,9.5,51.5,44.9,41.8
2024-12-23 15:46:23,9.3,51.6,44.9,41.8
2024-12-23 15:46:28,9.2,51.5,44.8,41.8
2024-12-23 15:46:33,9.2,51.6,44.7,41.7
2024-12-23 15:46:39,9.4,51.7,44.8,41.6
2024-12-23 15:46:44,9.5,51.8,44.9,41.5
2024-12-23 15:46:49,9.7,51.8,44.9,41.6
2024-12-23 15:46:54,9.4,51.7,45.0,41.9
2024-12-23 15:46:59,9.2,51.8,45.1,42.2
2024-12-23 15:47:04,9.2,51.8,45.1,42.1
2024-12-23 15:47:10,9.4,51.9,45.1,42.1
2024-12-23 15:47:15,9.0,52.0,45.0,41.6
2024-12-23 15:47:20,8.9,51.8,44.6,41.9
2024-12-23 15:47:25,9.3,51.8,44.4,41.9
2024-12-23 15:47:30,9.3,51.9,44.1,41.8
2024-12-23 15:47:36,9.0,52.1,44.2,41.9
2024-12-23 15:47:41,8.7,52.1,44.2,42.0
2024-12-23 15:47:46,8.7,51.4,44.4,41.9
2024-12-23 15:47:51,8.9,51.6,44.5,42.1
2024-12-23 15:47:56,9.0,51.7,44.0,42.1
2024-12-23 15:48:02,8.8,51.9,42.8,42.1
2024-12-23 15:48:07,8.7,52.0,42.5,42.1
2024-12-23 15:48:12,8.7,52.1,42.8,41.8
2024-12-23 15:48:17,8.8,52.2,43.1,41.7
2024-12-23 15:48:22,10.5,52.3,43.4,41.9
2024-12-23 15:48:28,10.0,51.9,43.6,41.9
2024-12-23 15:48:33,9.6,51.2,43.5,42.3
2024-12-23 15:48:38,9.9,51.2,42.8,42.2
2024-12-23 15:48:43,11.7,51.4,41.6,42.1
2024-12-23 15:48:48,11.5,51.5,41.1,41.9
2024-12-23 15:48:54,11.7,51.7,41.3,42.0
2024-12-23 15:48:59,10.6,51.8,41.4,41.9
2024-12-23 15:49:04,9.8,51.6,41.7,42.1
2024-12-23 15:49:09,9.4,51.6,42.3,41.9
2024-12-23 15:49:14,9.1,51.2,42.7,42.0
2024-12-23 15:49:20,9.2,51.3,42.7,42.0
2024-12-23 15:49:25,9.4,51.4,42.8,42.2
2024-12-23 15:49:30,9.2,51.6,43.0,42.1
2024-12-23 15:49:35,9.0,51.6,43.3,42.3
2024-12-23 15:49:40,9.4,51.7,43.4,42.1
2024-12-23 15:49:46,9.4,51.1,43.3,42.1
2024-12-23 15:49:51,9.0,51.4,43.0,42.2
2024-12-23 15:49:56,8.8,51.6,43.1,42.1
2024-12-23 15:50:01,8.8,51.4,43.4,42.2
2024-12-23 15:50:06,8.3,51.4,43.2,42.2
2024-12-23 15:50:12,8.4,51.6,42.9,42.3
2024-12-23 15:50:17,8.1,51.8,42.8,42.5
2024-12-23 15:50:22,8.1,52.0,42.9,42.2
2024-12-23 15:50:27,8.6,52.1,43.0,42.2
2024-12-23 15:50:32,8.5,52.0,43.3,42.4
2024-12-23 15:50:37,8.5,51.4,43.6,42.0
2024-12-23 15:50:43,8.2,52.0,43.6,42.3
2024-12-23 15:50:48,8.1,52.1,43.4,42.1
2024-12-23 15:50:53,8.2,52.2,43.5,42.0
2024-12-23 15:50:58,8.2,52.3,43.6,42.1
2024-12-23 15:51:03,8.2,51.6,43.7,42.3
2024-12-23 15:51:09,7.9,51.8,43.1,42.4
2024-12-23 15:51:14,7.9,51.8,42.6,42.3
2024-12-23 15:51:19,8.5,51.8,42.4,42.4
2024-12-23 15:51:24,8.3,51.9,42.5,42.3
2024-12-23 15:51:29,8.2,51.5,43.0,42.4
2024-12-23 15:51:35,8.3,51.6,43.1,42.2
2024-12-23 15:51:40,8.2,51.7,43.1,42.1
2024-12-23 15:51:45,9.0,51.9,42.8,42.2
2024-12-23 15:51:50,9.0,51.1,42.7,42.1
2024-12-23 15:51:55,8.8,51.4,42.9,42.2
2024-12-23 15:52:01,9.0,51.7,43.2,42.2
2024-12-23 15:52:06,9.0,51.8,43.5,42.2
2024-12-23 15:52:11,8.7,51.0,43.8,42.5
2024-12-23 15:52:16,8.5,51.0,44.1,42.5
2024-12-23 15:52:21,8.4,51.1,44.5,42.5
2024-12-23 15:52:27,8.3,51.3,44.4,42.5
2024-12-23 15:52:32,8.2,51.4,44.3,42.5
2024-12-23 15:52:37,8.2,51.6,44.2,42.3
2024-12-23 15:52:42,8.0,51.7,44.2,42.3
2024-12-23 15:52:47,8.5,52.0,44.1,42.3
2024-12-23 15:52:53,8.3,52.1,44.2,42.5
2024-12-23 15:52:58,8.5,52.2,44.5,42.5
2024-12-23 15:53:03,8.5,52.2,44.8,42.5
2024-12-23 15:53:08,8.5,52.3,44.8,42.5
2024-12-23 15:53:13,8.4,52.4,44.7,42.3
2024-12-23 15:53:19,8.1,52.4,44.8,42.2
2024-12-23 15:53:24,8.6,52.4,44.8,42.3
2024-12-23 15:53:29,8.6,52.3,44.8,42.5
2024-12-23 15:53:34,8.5,52.5,44.7,42.5
2024-12-23 15:53:39,8.2,52.4,44.6,42.6
2024-12-23 15:53:45,8.1,52.4,44.6,42.6
2024-12-23 15:53:50,8.5,52.5,44.7,42.5
2024-12-23 15:53:55,8.4,52.5,44.7,42.5
2024-12-23 15:54:00,8.5,52.4,44.8,42.3
2024-12-23 15:54:05,8.3,52.4,44.9,42.1
2024-12-23 15:54:11,8.4,52.1,44.3,42.1
2024-12-23 15:54:16,8.3,52.5,44.3,42.1
2024-12-23 15:54:21,8.6,52.6,44.5,42.2
2024-12-23 15:54:26,9.2,52.6,44.4,42.3
2024-12-23 15:54:31,10.5,52.7,44.4,42.3
2024-12-23 15:54:37,9.2,52.7,44.1,42.2
2024-12-23 15:54:42,9.7,52.8,43.7,41.9
2024-12-23 15:54:47,9.2,52.8,42.9,41.7
2024-12-23 15:54:52,9.2,52.8,43.1,41.7
2024-12-23 15:54:57,8.9,52.9,43.2,41.8
2024-12-23 15:55:02,8.7,52.9,43.4,41.6
2024-12-23 15:55:08,8.8,52.9,43.8,41.6
2024-12-23 15:55:13,8.6,52.8,44.1,41.6
2024-12-23 15:55:18,8.4,52.7,44.4,41.5
2024-12-23 15:55:23,8.5,52.8,44.6,41.3
2024-12-23 15:55:28,8.4,52.8,44.5,41.3
2024-12-23 15:55:34,8.3,52.8,44.5,41.4
2024-12-23 15:55:39,8.2,52.2,44.4,41.5
2024-12-23 15:55:44,8.0,51.6,44.3,41.4
2024-12-23 15:55:49,8.1,51.7,44.3,41.4
2024-12-23 15:55:54,8.1,52.0,44.1,41.5
2024-12-23 15:56:00,8.2,52.3,43.7,41.6
2024-12-23 15:56:05,8.2,52.5,43.9,41.5
2024-12-23 15:56:10,8.1,52.7,44.1,41.5
2024-12-23 15:56:15,8.2,52.7,44.3,41.6
2024-12-23 15:56:20,8.1,52.7,44.5,41.6
2024-12-23 15:56:26,8.1,52.5,44.7,41.6
2024-12-23 15:56:31,8.1,52.0,44.9,41.5
2024-12-23 15:56:36,9.1,52.3,44.5,41.4
2024-12-23 15:56:41,10.0,52.4,43.4,41.4
2024-12-23 15:56:46,10.6,52.2,42.5,41.5
2024-12-23 15:56:51,10.4,52.0,42.8,41.7
2024-12-23 15:56:57,9.4,52.7,43.4,41.8
2024-12-23 15:57:02,9.2,52.9,44.0,41.7
2024-12-23 15:57:07,9.4,53.1,44.2,42.2
2024-12-23 15:57:12,9.0,53.2,44.4,42.2
2024-12-23 15:57:17,8.7,53.3,44.7,41.9
2024-12-23 15:57:23,8.7,53.4,44.8,41.8
2024-12-23 15:57:28,8.8,53.4,44.8,41.8
2024-12-23 15:57:33,8.7,53.5,44.8,42.0
2024-12-23 15:57:38,8.5,53.5,44.9,42.0
2024-12-23 15:57:43,8.5,53.6,45.1,42.1
2024-12-23 15:57:49,8.5,53.6,45.3,42.1
2024-12-23 15:57:54,8.6,53.6,45.4,41.9
2024-12-23 15:57:59,8.7,53.6,45.6,41.9
2024-12-23 15:58:04,8.6,53.6,45.8,41.9
2024-12-23 15:58:09,8.7,53.5,45.9,42.1
2024-12-23 15:58:14,8.8,53.6,45.9,42.1
2024-12-23 15:58:20,8.8,53.6,45.9,42.2
2024-12-23 15:58:25,8.7,53.1,46.0,42.2
2024-12-23 15:58:30,8.5,53.6,45.9,42.1
2024-12-23 15:58:35,8.5,53.6,45.8,42.1
2024-12-23 15:58:40,8.3,53.6,45.8,42.2
2024-12-23 15:58:46,8.3,53.6,45.7,42.3
2024-12-23 15:58:51,8.4,53.7,45.7,42.3
2024-12-23 15:58:56,8.4,53.7,45.6,42.3
2024-12-23 15:59:01,8.9,53.8,45.6,42.3
2024-12-23 15:59:06,9.9,53.9,45.6,42.6
2024-12-23 15:59:12,10.2,54.0,45.6,42.7
2024-12-23 15:59:17,9.3,54.1,45.6,42.6
2024-12-23 15:59:22,8.8,54.1,45.6,42.8
2024-12-23 15:59:27,9.7,54.2,45.4,42.6
2024-12-23 15:59:32,9.3,53.8,45.1,42.6
2024-12-23 15:59:37,9.4,53.9,44.9,42.4
2024-12-23 15:59:43,10.0,54.0,45.0,42.4
2024-12-23 15:59:48,9.2,54.0,45.4,42.5
2024-12-23 15:59:53,9.0,54.1,45.4,42.6
2024-12-23 15:59:58,9.0,54.1,45.5,42.5
2024-12-23 16:00:03,8.9,54.1,45.5,42.6
2024-12-23 16:00:09,8.7,54.1,45.6,42.5
2024-12-23 16:00:14,9.9,54.3,45.6,42.5
2024-12-23 16:00:19,9.4,53.7,45.6,42.7
2024-12-23 16:00:24,8.9,53.8,45.8,42.6
2024-12-23 16:00:29,9.1,54.1,45.9,42.7
2024-12-23 16:00:34,10.5,54.4,45.9,42.8
2024-12-23 16:00:40,10.5,54.5,46.0,42.7
2024-12-23 16:00:45,10.3,54.7,46.1,42.6
2024-12-23 16:00:50,11.1,54.2,46.0,42.8
2024-12-23 16:00:55,10.1,54.9,45.9,42.8
2024-12-23 16:01:00,10.9,55.0,45.8,42.5
2024-12-23 16:01:06,10.6,55.1,45.6,42.9
2024-12-23 16:01:11,9.8,55.1,45.9,43.0
2024-12-23 16:01:16,9.0,55.1,46.1,43.0
2024-12-23 16:01:21,8.9,55.0,45.7,43.0
2024-12-23 16:01:26,8.7,54.7,46.3,43.2
2024-12-23 16:01:32,8.7,54.4,46.5,42.8
2024-12-23 16:01:37,9.6,54.7,46.6,43.0
2024-12-23 16:01:42,9.8,54.9,46.6,43.0
2024-12-23 16:01:47,9.3,55.0,47.0,43.0
2024-12-23 16:01:52,8.9,55.1,47.2,43.2
2024-12-23 16:01:58,8.8,55.2,47.3,43.0
2024-12-23 16:02:03,8.9,55.4,47.4,43.0
2024-12-23 16:02:08,8.9,55.5,47.5,43.2
2024-12-23 16:02:13,9.0,55.6,47.6,43.2
2024-12-23 16:02:18,8.9,55.7,47.7,43.4
2024-12-23 16:02:23,9.0,55.8,47.8,43.4
2024-12-23 16:02:29,8.9,55.9,47.8,43.4
2024-12-23 16:02:34,8.8,55.9,48.0,43.6
2024-12-23 16:02:39,8.6,55.7,48.1,43.5
2024-12-23 16:02:44,8.7,55.6,48.3,43.2
2024-12-23 16:02:49,8.8,55.8,48.4,43.2
2024-12-23 16:02:55,8.7,55.7,48.4,43.1
2024-12-23 16:03:00,9.8,55.6,48.0,43.3
2024-12-23 16:03:05,9.7,55.9,47.7,43.4
2024-12-23 16:03:10,9.5,56.1,47.5,43.1
2024-12-23 16:03:15,9.0,56.3,47.6,43.4
2024-12-23 16:03:21,9.1,56.4,47.8,43.2
2024-12-23 16:03:26,9.0,56.4,48.0,43.4
2024-12-23 16:03:31,9.1,56.6,48.0,43.2
2024-12-23 16:03:36,9.0,56.7,48.2,43.4
2024-12-23 16:03:41,9.0,56.8,48.3,43.7
2024-12-23 16:03:46,8.9,56.8,48.3,43.6
2024-12-23 16:03:52,8.8,56.9,48.4,43.4
2024-12-23 16:03:57,8.7,56.9,48.5,43.6
2024-12-23 16:04:02,8.7,57.1,48.7,43.6
2024-12-23 16:04:07,8.6,57.0,48.2,44.0
2024-12-23 16:04:12,9.2,57.0,48.8,43.9
2024-12-23 16:04:18,9.4,57.1,48.7,43.7
2024-12-23 16:04:23,11.1,57.1,48.6,43.8
2024-12-23 16:04:28,10.7,57.2,48.3,43.8
2024-12-23 16:04:33,10.1,57.2,47.9,43.9
2024-12-23 16:04:38,10.4,57.2,47.6,43.9
2024-12-23 16:04:44,10.1,57.2,47.8,43.8
2024-12-23 16:04:49,13.3,57.3,47.9,44.0
2024-12-23 16:04:54,13.4,57.4,48.0,43.9
2024-12-23 16:04:59,13.3,57.4,47.7,43.6
2024-12-23 16:05:04,11.0,57.5,48.5,43.9
2024-12-23 16:05:09,11.0,57.6,48.7,43.9
2024-12-23 16:05:15,9.8,57.6,48.8,44.2
2024-12-23 16:05:20,9.3,57.8,48.8,44.0
2024-12-23 16:05:25,9.0,57.8,48.8,43.9
2024-12-23 16:05:30,8.6,57.8,48.2,44.2
2024-12-23 16:05:35,8.3,57.8,47.8,44.2
2024-12-23 16:05:41,8.1,57.8,47.9,44.0
2024-12-23 16:05:46,8.0,57.8,48.2,43.8
2024-12-23 16:05:51,8.4,57.8,48.3,44.1
2024-12-23 16:05:56,8.4,57.9,48.3,44.1
2024-12-23 16:06:01,8.3,58.0,48.2,44.2
2024-12-23 16:06:07,8.8,58.0,48.1,44.2
2024-12-23 16:06:12,8.8,58.1,47.9,44.6
2024-12-23 16:06:17,10.2,58.0,47.8,44.6
2024-12-23 16:06:22,11.2,57.5,46.8,44.5
2024-12-23 16:06:27,10.5,58.0,46.3,44.5
2024-12-23 16:06:33,10.9,57.9,46.6,44.4
2024-12-23 16:06:38,11.2,57.9,46.8,44.5
2024-12-23 16:06:43,10.5,58.0,46.9,44.5
2024-12-23 16:06:48,9.9,58.1,47.1,44.5
2024-12-23 16:06:53,9.5,58.2,46.9,44.9
2024-12-23 16:06:58,9.2,58.2,47.4,44.6
2024-12-23 16:07:04,9.3,58.3,47.5,44.5
2024-12-23 16:07:09,9.8,58.3,47.6,51.1
2024-12-23 16:07:14,9.6,58.3,47.7,61.6
2024-12-23 16:07:19,9.5,58.3,47.7,51.7
2024-12-23 16:07:24,9.5,58.2,47.7,49.8
2024-12-23 16:07:29,8.9,58.0,47.8,46.3
2024-12-23 16:07:35,8.9,57.9,47.9,41.5
2024-12-23 16:07:40,8.8,58.1,48.1,43.6
2024-12-23 16:07:45,8.8,58.1,48.1,41.5
2024-12-23 16:07:50,8.8,58.2,48.1,43.9
2024-12-23 16:07:55,8.7,57.6,48.0,42.8
2024-12-23 16:08:01,8.6,56.5,48.2,43.4
2024-12-23 16:08:06,8.5,55.9,48.1,42.2
2024-12-23 16:08:11,8.4,56.5,47.7,41.6
2024-12-23 16:08:16,8.4,57.0,47.6,41.8
2024-12-23 16:08:21,8.5,57.3,47.5,41.7
2024-12-23 16:08:27,8.6,57.4,47.6,42.4
2024-12-23 16:08:32,8.2,57.6,47.3,40.3
2024-12-23 16:08:37,8.2,57.7,47.5,41.6
2024-12-23 16:08:42,8.4,57.8,47.6,41.8
2024-12-23 16:08:47,8.6,57.9,47.4,41.7
2024-12-23 16:08:53,8.5,58.0,47.5,42.4
2024-12-23 16:08:58,8.5,57.8,47.4,41.5
2024-12-23 16:09:03,8.4,57.7,47.3,41.7
2024-12-23 16:09:08,8.9,57.8,47.1,41.4
2024-12-23 16:09:13,9.3,57.9,47.2,41.6
2024-12-23 16:09:18,9.3,58.0,47.2,41.7
2024-12-23 16:09:24,8.7,58.1,47.5,41.6
2024-12-23 16:09:29,9.2,58.1,47.7,41.9
2024-12-23 16:09:34,9.2,58.2,47.6,42.5
2024-12-23 16:09:39,8.7,58.1,47.7,42.1
2024-12-23 16:09:44,8.7,58.2,47.7,41.7
2024-12-23 16:09:50,8.8,58.2,47.8,41.8
2024-12-23 16:09:55,8.7,58.2,48.0,41.6
2024-12-23 16:10:00,8.2,58.2,48.3,41.8
2024-12-23 16:10:05,8.5,58.1,48.2,42.4
2024-12-23 16:10:10,8.5,57.7,48.2,42.1
2024-12-23 16:10:16,8.5,57.8,48.3,42.1
2024-12-23 16:10:21,8.5,57.9,48.1,41.5
2024-12-23 16:10:26,8.8,58.1,47.9,41.8
2024-12-23 16:10:31,8.7,58.1,48.1,41.5
2024-12-23 16:10:36,8.3,58.1,48.4,41.8
2024-12-23 16:10:42,9.6,58.2,48.6,42.0
2024-12-23 16:10:47,9.7,58.2,48.5,42.0
2024-12-23 16:10:52,9.7,58.2,48.1,42.1
2024-12-23 16:10:57,10.4,58.2,48.0,42.0
2024-12-23 16:11:02,9.8,58.2,47.6,42.5
2024-12-23 16:11:08,10.2,58.2,47.6,42.4
2024-12-23 16:11:13,9.3,58.2,47.2,42.2
2024-12-23 16:11:18,9.6,58.3,47.8,42.4
2024-12-23 16:11:23,9.4,58.3,47.9,42.0
2024-12-23 16:11:28,9.5,58.3,48.1,42.1
2024-12-23 16:11:33,9.0,58.2,48.1,42.6
2024-12-23 16:11:39,8.9,58.2,48.0,41.9
2024-12-23 16:11:44,8.5,58.2,48.1,41.8
2024-12-23 16:11:49,8.7,58.2,48.2,42.7
2024-12-23 16:11:54,8.7,58.2,48.3,42.2
2024-12-23 16:11:59,8.5,58.3,48.6,42.8
2024-12-23 16:12:05,8.7,58.3,48.9,41.0
2024-12-23 16:12:10,8.9,58.3,49.1,41.9
2024-12-23 16:12:15,8.9,58.2,49.4,42.1
2024-12-23 16:12:20,8.8,58.3,49.7,41.9
2024-12-23 16:12:25,9.3,58.3,49.8,42.8
2024-12-23 16:12:31,9.2,58.3,49.3,42.0
2024-12-23 16:12:36,9.2,58.3,49.2,41.9
2024-12-23 16:12:41,9.1,58.3,49.2,41.6
2024-12-23 16:12:46,9.1,58.3,49.3,42.1
2024-12-23 16:12:51,8.9,58.3,49.4,42.6
2024-12-23 16:12:56,8.7,58.3,49.3,42.3
2024-12-23 16:13:02,8.7,58.3,49.3,42.4
2024-12-23 16:13:07,9.5,58.3,49.4,42.8
2024-12-23 16:13:12,8.8,58.3,49.4,42.7
2024-12-23 16:13:17,9.3,58.2,49.5,42.5
2024-12-23 16:13:22,9.2,58.3,49.5,42.3
2024-12-23 16:13:28,9.7,58.3,49.5,41.7
2024-12-23 16:13:33,9.4,58.2,49.5,42.3
2024-12-23 16:13:38,9.2,58.3,49.5,42.1
2024-12-23 16:13:43,9.0,58.3,49.5,42.8
2024-12-23 16:13:48,9.1,58.3,49.4,43.2
2024-12-23 16:13:54,8.8,58.3,49.4,42.6
2024-12-23 16:13:59,8.9,58.4,49.4,43.2
2024-12-23 16:14:04,8.7,58.3,49.2,41.9
2024-12-23 16:14:09,8.7,58.4,49.1,42.3
2024-12-23 16:14:14,8.4,58.4,49.1,42.2
2024-12-23 16:14:19,9.1,58.4,49.2,42.1
2024-12-23 16:14:25,8.8,58.3,49.2,42.3
2024-12-23 16:14:30,9.0,58.2,49.3,42.4
2024-12-23 16:14:35,9.6,58.2,49.2,41.8
2024-12-23 16:14:40,10.4,58.1,49.1,41.7
2024-12-23 16:14:45,10.1,58.1,49.1,41.7
2024-12-23 16:14:51,9.3,58.1,48.8,42.8
2024-12-23 16:14:56,8.9,58.1,48.3,42.3
2024-12-23 16:15:01,9.1,58.1,48.5,42.4
2024-12-23 16:15:06,9.1,58.1,48.3,43.2
2024-12-23 16:15:11,9.2,58.1,48.3,42.4
2024-12-23 16:15:17,8.8,58.1,48.3,42.7
2024-12-23 16:15:22,8.7,58.0,48.3,42.4
2024-12-23 16:15:27,8.4,58.0,48.2,42.2
2024-12-23 16:15:32,8.4,58.1,48.1,42.4
2024-12-23 16:15:37,8.5,58.1,48.0,42.1
2024-12-23 16:15:42,8.5,58.1,48.1,43.4
2024-12-23 16:15:48,8.4,58.2,48.2,42.8
2024-12-23 16:15:53,8.1,58.2,48.5,42.5
2024-12-23 16:15:58,8.5,58.1,48.5,42.8
2024-12-23 16:16:03,8.5,58.2,48.7,42.1
2024-12-23 16:16:08,8.5,58.2,48.8,42.3
2024-12-23 16:16:14,8.1,58.2,49.0,42.6
2024-12-23 16:16:19,8.3,58.2,49.1,42.1
2024-12-23 16:16:24,8.7,58.2,49.0,42.7
2024-12-23 16:16:29,8.8,58.3,49.0,42.4
2024-12-23 16:16:34,9.1,58.3,48.9,42.8
2024-12-23 16:16:40,8.9,58.3,48.7,43.1
2024-12-23 16:16:45,9.0,58.3,48.6,42.6
2024-12-23 16:16:50,9.4,58.3,48.7,42.5
2024-12-23 16:16:55,9.4,58.3,48.7,42.3
2024-12-23 16:17:00,9.0,58.2,48.8,43.0
2024-12-23 16:17:05,8.9,58.2,48.6,43.3
2024-12-23 16:17:11,8.6,58.2,48.5,42.5
2024-12-23 16:17:16,8.5,58.2,48.3,43.0
2024-12-23 16:17:21,8.4,58.2,48.0,42.7
2024-12-23 16:17:26,8.0,58.2,47.9,42.6
2024-12-23 16:17:31,8.0,58.2,47.8,42.9
2024-12-23 16:17:37,8.0,58.1,47.6,42.5
2024-12-23 16:17:42,8.2,58.2,47.5,43.0
2024-12-23 16:17:47,8.3,58.2,47.4,42.5
2024-12-23 16:17:52,8.3,58.1,47.3,43.0
2024-12-23 16:17:57,8.2,58.1,47.4,43.3
2024-12-23 16:18:03,8.0,58.1,47.6,42.8
2024-12-23 16:18:08,8.0,58.0,47.6,43.3
2024-12-23 16:18:13,8.1,58.0,47.8,43.0
2024-12-23 16:18:18,8.1,58.0,47.8,42.5
2024-12-23 16:18:23,8.2,58.0,47.8,43.1
2024-12-23 16:18:28,8.4,58.0,47.9,43.2
2024-12-23 16:18:34,9.2,58.0,47.9,43.1
2024-12-23 16:18:39,9.1,58.0,48.0,43.2
2024-12-23 16:18:44,8.9,57.9,48.0,42.6
2024-12-23 16:18:49,8.8,57.3,48.0,43.0
2024-12-23 16:18:54,8.9,57.6,48.0,42.5
2024-12-23 16:19:00,8.6,57.7,47.7,42.8
2024-12-23 16:19:05,8.4,57.9,47.6,43.2
2024-12-23 16:19:10,8.3,57.9,47.6,42.6
2024-12-23 16:19:15,8.4,57.9,47.6,43.0
2024-12-23 16:19:20,8.3,57.4,47.6,43.2
2024-12-23 16:19:26,8.2,57.5,47.5,43.2
2024-12-23 16:19:31,8.1,57.6,47.2,43.4
2024-12-23 16:19:36,8.5,57.7,47.1,42.6
2024-12-23 16:19:41,8.4,57.8,47.0,43.0
2024-12-23 16:19:46,8.2,57.8,47.2,42.8
2024-12-23 16:19:52,8.2,57.8,47.4,43.1
2024-12-23 16:19:57,8.2,57.8,47.5,43.4
2024-12-23 16:20:02,8.5,57.7,47.5,42.8
2024-12-23 16:20:07,8.5,57.7,47.5,42.9
2024-12-23 16:20:12,8.5,57.7,47.6,43.2
2024-12-23 16:20:18,8.5,57.7,47.8,43.0
2024-12-23 16:20:23,8.5,57.7,47.7,43.3
2024-12-23 16:20:28,8.5,57.7,47.6,42.7
2024-12-23 16:20:33,8.6,57.7,47.3,42.8
2024-12-23 16:20:38,8.8,57.6,47.1,43.1
2024-12-23 16:20:44,8.8,57.7,47.1,43.1
2024-12-23 16:20:49,8.7,57.7,47.3,43.2
2024-12-23 16:20:54,8.7,57.7,47.4,43.1
2024-12-23 16:20:59,8.6,57.7,47.4,43.2
2024-12-23 16:21:04,8.5,57.6,47.4,43.1
2024-12-23 16:21:09,8.4,57.6,47.4,43.0
2024-12-23 16:21:15,8.2,57.6,47.4,43.3
2024-12-23 16:21:20,8.2,57.5,47.6,43.3
2024-12-23 16:21:25,8.1,57.5,47.7,43.0
2024-12-23 16:21:30,7.9,57.4,47.4,43.1
2024-12-23 16:21:35,7.9,56.7,47.2,43.1
2024-12-23 16:21:41,7.9,57.0,47.4,43.0
2024-12-23 16:21:46,7.9,57.3,47.3,42.9
2024-12-23 16:21:51,8.0,57.4,47.2,43.0
2024-12-23 16:21:56,8.0,57.4,47.2,43.2
2024-12-23 16:22:01,8.0,57.4,47.2,42.7
2024-12-23 16:22:07,8.0,57.4,47.2,43.0
2024-12-23 16:22:12,7.9,57.4,47.2,43.2
2024-12-23 16:22:17,8.0,57.4,47.1,42.8
2024-12-23 16:22:22,8.0,57.4,47.1,43.1
2024-12-23 16:22:27,8.0,57.0,47.2,42.8
2024-12-23 16:22:32,7.9,57.1,47.2,43.0
2024-12-23 16:22:38,7.8,57.1,47.3,43.1
2024-12-23 16:22:43,7.7,57.1,47.2,43.1
2024-12-23 16:22:48,7.7,57.1,47.2,43.2
2024-12-23 16:22:53,7.8,57.2,47.3,43.2
2024-12-23 16:22:58,7.9,57.2,47.3,43.1
2024-12-23 16:23:04,8.4,57.3,47.2,43.2
2024-12-23 16:23:09,8.1,57.3,46.9,43.0
2024-12-23 16:23:14,7.8,57.4,46.6,43.2
2024-12-23 16:23:19,8.2,57.3,46.6,43.0
2024-12-23 16:23:24,7.9,57.3,46.4,42.8
2024-12-23 16:23:29,7.9,57.3,46.3,43.1
2024-12-23 16:23:35,7.8,57.3,46.4,42.9
2024-12-23 16:23:40,7.9,57.3,46.4,42.7
2024-12-23 16:23:45,8.0,57.3,46.5,43.0
2024-12-23 16:23:50,8.0,57.2,46.9,43.0
2024-12-23 16:23:55,8.0,57.2,46.8,43.3
2024-12-23 16:24:01,8.2,57.2,46.5,43.2
2024-12-23 16:24:06,8.2,57.2,46.2,43.2
2024-12-23 16:24:11,8.2,57.2,46.3,43.2
2024-12-23 16:24:16,8.1,57.2,46.3,42.7
2024-12-23 16:24:21,8.1,57.2,46.3,43.0
2024-12-23 16:24:26,8.1,57.2,46.4,43.2
2024-12-23 16:24:32,8.3,57.2,46.4,43.1
2024-12-23 16:24:37,8.4,57.2,46.5,43.3
2024-12-23 16:24:42,8.2,57.1,46.6,43.1
2024-12-23 16:24:47,8.2,57.1,46.2,43.1
2024-12-23 16:24:52,8.3,57.1,46.7,43.3
2024-12-23 16:24:58,8.3,57.1,46.7,43.0
2024-12-23 16:25:03,8.4,57.0,46.7,43.2
2024-12-23 16:25:08,8.4,57.0,46.7,43.2
2024-12-23 16:25:13,8.4,57.0,46.6,43.2
2024-12-23 16:25:18,8.6,57.0,46.5,43.3
2024-12-23 16:25:23,9.0,57.0,46.5,43.3
2024-12-23 16:25:29,9.2,57.0,46.5,43.2
2024-12-23 16:25:34,8.9,57.0,46.6,43.3
2024-12-23 16:25:39,8.6,57.0,46.6,43.0
2024-12-23 16:25:44,8.6,57.0,46.5,43.0
2024-12-23 16:25:49,8.5,57.0,46.5,43.0
2024-12-23 16:25:55,8.5,57.0,46.6,43.0
2024-12-23 16:26:00,8.5,57.0,46.5,43.0
2024-12-23 16:26:05,8.8,57.0,46.5,43.0
2024-12-23 16:26:10,9.0,57.0,46.5,43.4
2024-12-23 16:26:15,8.7,57.0,46.6,43.4
2024-12-23 16:26:21,8.7,56.9,46.5,43.4
2024-12-23 16:26:26,8.8,56.9,46.5,43.5
2024-12-23 16:26:31,8.6,56.9,46.6,43.3
2024-12-23 16:26:36,8.4,56.9,46.6,43.1
2024-12-23 16:26:41,8.9,56.9,46.6,43.1
2024-12-23 16:26:47,8.9,56.9,46.6,43.2
2024-12-23 16:26:52,8.8,56.9,46.6,43.1
2024-12-23 16:26:57,8.6,56.9,46.6,43.2
2024-12-23 16:27:02,8.3,56.9,46.5,43.2
2024-12-23 16:27:07,7.9,56.8,46.3,43.1
2024-12-23 16:27:12,7.9,56.8,46.4,43.2
2024-12-23 16:27:18,8.2,56.8,46.4,43.0
2024-12-23 16:27:23,8.2,56.9,46.3,43.2
2024-12-23 16:27:28,8.2,56.8,46.4,43.3
2024-12-23 16:27:33,8.3,56.8,46.3,43.2
2024-12-23 16:27:38,8.4,56.8,46.3,43.0
2024-12-23 16:27:44,8.2,56.8,46.2,43.2
2024-12-23 16:27:49,8.1,56.6,46.2,43.3
2024-12-23 16:27:54,8.7,56.6,46.3,43.5
2024-12-23 16:27:59,8.5,56.6,46.3,43.4
2024-12-23 16:28:04,8.4,56.7,46.4,43.2
2024-12-23 16:28:09,8.4,56.7,46.3,43.2
2024-12-23 16:28:15,8.5,56.7,46.3,43.3
2024-12-23 16:28:20,9.0,56.1,46.3,43.3
2024-12-23 16:28:25,9.0,56.7,46.3,43.1
2024-12-23 16:28:30,8.5,56.7,46.5,43.2
2024-12-23 16:28:35,8.7,56.1,46.6,43.2
2024-12-23 16:28:41,8.5,56.2,46.6,43.3
2024-12-23 16:28:46,8.4,56.2,46.7,43.3
2024-12-23 16:28:51,8.0,56.1,46.6,43.2
2024-12-23 16:28:56,7.9,56.7,46.6,43.2
2024-12-23 16:29:01,8.5,56.7,46.6,43.0
2024-12-23 16:29:06,8.4,56.3,46.7,43.4
2024-12-23 16:29:12,8.3,56.4,46.7,43.0
2024-12-23 16:29:17,8.4,56.6,46.8,43.0
2024-12-23 16:29:22,8.3,56.6,46.8,43.3
2024-12-23 16:29:27,8.2,56.6,46.9,42.9
2024-12-23 16:29:32,8.0,56.6,46.9,43.1
2024-12-23 16:29:38,8.0,56.6,46.9,43.4
2024-12-23 16:29:43,8.1,56.5,46.9,43.4
2024-12-23 16:29:48,8.3,56.5,46.8,43.4
2024-12-23 16:29:53,8.4,56.5,46.8,43.4
2024-12-23 16:29:58,8.5,56.5,46.9,43.0
2024-12-23 16:30:04,8.8,56.5,46.9,42.9
2024-12-23 16:30:09,8.6,56.5,47.0,43.5
2024-12-23 16:30:14,8.9,56.5,46.9,43.4
2024-12-23 16:30:19,9.2,56.5,46.8,43.2
2024-12-23 16:30:24,9.3,56.5,46.7,43.1
2024-12-23 16:30:29,9.6,56.5,46.7,43.1
2024-12-23 16:30:35,9.2,56.5,46.8,43.3
2024-12-23 16:30:40,9.6,56.5,46.8,43.2
2024-12-23 16:30:45,9.4,56.5,46.7,43.2
2024-12-23 16:30:50,9.2,56.5,46.7,43.2
2024-12-23 16:30:55,8.8,56.4,46.7,43.3
2024-12-23 16:31:01,8.7,56.4,46.7,43.4
2024-12-23 16:31:06,8.5,56.4,46.6,43.4
2024-12-23 16:31:11,8.4,56.4,46.7,43.4
2024-12-23 16:31:16,8.4,56.4,46.7,43.4
2024-12-23 16:31:21,8.5,56.4,46.8,43.3
2024-12-23 16:31:26,8.5,56.4,46.8,43.4
2024-12-23 16:31:32,8.4,56.4,46.8,43.4
2024-12-23 16:31:37,8.4,56.4,46.8,43.3
2024-12-23 16:31:42,8.4,56.4,46.7,43.2
2024-12-23 16:31:47,8.4,56.4,46.8,43.4
2024-12-23 16:31:52,8.5,56.4,46.8,43.3
2024-12-23 16:31:58,8.6,56.4,46.8,43.1
2024-12-23 16:32:03,8.5,56.4,46.9,43.2
2024-12-23 16:32:08,8.3,56.4,47.1,43.2
2024-12-23 16:32:13,8.4,56.4,47.0,43.3
2024-12-23 16:32:18,8.3,56.4,47.1,43.2
2024-12-23 16:32:24,8.2,56.3,47.1,43.3
2024-12-23 16:32:29,8.2,56.3,47.2,42.9
2024-12-23 16:32:34,8.3,56.3,47.2,43.5
2024-12-23 16:32:39,8.1,56.3,47.2,43.5
2024-12-23 16:32:44,8.0,56.3,47.2,43.6
2024-12-23 16:32:49,8.0,56.3,47.0,43.4
2024-12-23 16:32:55,8.0,56.2,47.1,43.5
2024-12-23 16:33:00,8.0,56.2,47.0,43.4
2024-12-23 16:33:05,8.0,56.3,46.9,43.4
2024-12-23 16:33:10,8.0,56.3,46.8,43.4
2024-12-23 16:33:15,8.0,56.3,46.8,43.4
2024-12-23 16:33:21,8.0,56.3,46.8,43.3
2024-12-23 16:33:26,8.1,56.3,46.8,43.4
2024-12-23 16:33:31,8.1,56.3,46.8,43.4
2024-12-23 16:33:36,8.2,56.3,46.8,43.5
2024-12-23 16:33:41,8.4,56.3,46.8,43.3
2024-12-23 16:33:46,8.3,56.2,46.7,42.9
2024-12-23 16:33:52,8.4,56.2,46.6,43.4
2024-12-23 16:33:57,8.3,56.2,46.4,43.3
2024-12-23 16:34:02,8.4,56.1,46.7,43.2
2024-12-23 16:34:07,8.4,56.1,46.7,43.4
2024-12-23 16:34:12,8.2,56.1,46.8,43.4
2024-12-23 16:34:18,8.7,56.1,46.8,43.5
2024-12-23 16:34:23,8.4,56.1,46.8,43.3
2024-12-23 16:34:28,8.7,56.1,47.0,43.2
2024-12-23 16:34:33,8.5,56.1,47.1,43.4
2024-12-23 16:34:38,8.8,56.1,47.0,43.5
2024-12-23 16:34:44,8.8,56.1,47.0,43.6
2024-12-23 16:34:49,8.7,56.1,47.1,43.4
2024-12-23 16:34:54,8.5,56.1,47.1,43.5
2024-12-23 16:34:59,8.5,56.1,47.0,43.5
2024-12-23 16:35:04,8.6,56.1,46.8,43.5
2024-12-23 16:35:09,8.7,56.1,46.8,43.5
2024-12-23 16:35:15,8.7,56.1,46.9,43.5
2024-12-23 16:35:20,8.8,56.1,46.9,43.3
2024-12-23 16:35:25,9.0,56.1,46.9,43.4
2024-12-23 16:35:30,9.0,56.1,47.0,43.6
2024-12-23 16:35:35,8.8,56.1,47.0,43.4
2024-12-23 16:35:41,8.9,56.0,47.1,43.6
2024-12-23 16:35:46,8.7,56.0,47.0,43.4
2024-12-23 16:35:51,8.4,55.8,47.1,43.4
2024-12-23 16:35:56,8.4,55.9,47.0,43.6
2024-12-23 16:36:01,8.2,55.9,47.0,43.6
2024-12-23 16:36:06,8.2,55.9,47.0,43.5
2024-12-23 16:36:12,8.1,55.9,47.0,43.4
2024-12-23 16:36:17,8.2,55.9,47.0,43.5
2024-12-23 16:36:22,8.2,55.9,47.0,43.6
2024-12-23 16:36:27,8.1,55.9,47.0,43.4
2024-12-23 16:36:32,8.0,55.9,47.0,43.4
2024-12-23 16:36:38,7.9,55.9,46.9,43.5
2024-12-23 16:36:43,8.4,55.9,46.9,43.5
2024-12-23 16:36:48,8.5,55.9,47.0,43.4
2024-12-23 16:36:53,8.4,55.8,47.0,43.6
2024-12-23 16:36:58,8.4,55.8,46.8,43.5
2024-12-23 16:37:04,8.6,55.8,46.7,43.6
2024-12-23 16:37:09,8.4,55.8,46.7,43.3
2024-12-23 16:37:14,8.5,55.8,46.6,43.4
2024-12-23 16:37:19,8.4,55.8,46.6,43.5
2024-12-23 16:37:24,8.3,55.8,46.7,43.5
2024-12-23 16:37:29,8.2,55.8,46.8,43.6
2024-12-23 16:37:35,8.0,55.6,46.9,43.7
2024-12-23 16:37:40,7.9,55.7,47.0,43.7
2024-12-23 16:37:45,7.9,55.7,47.0,43.4
2024-12-23 16:37:50,8.3,55.7,46.3,43.4
2024-12-23 16:37:55,8.3,55.7,46.3,43.4
2024-12-23 16:38:01,8.8,55.7,46.3,43.4
2024-12-23 16:38:06,8.5,55.7,46.1,43.6
2024-12-23 16:38:11,8.3,55.6,46.2,43.6
2024-12-23 16:38:16,8.2,55.6,46.4,43.5
2024-12-23 16:38:21,8.1,55.6,46.5,43.6
2024-12-23 16:38:26,8.2,55.6,46.5,43.6
2024-12-23 16:38:32,8.4,55.6,46.4,43.6
2024-12-23 16:38:37,8.4,55.6,46.5,43.5
2024-12-23 16:38:42,8.3,55.6,46.6,43.5
2024-12-23 16:38:47,8.4,55.6,46.5,43.5
2024-12-23 16:38:52,8.3,55.6,46.5,43.7
2024-12-23 16:38:58,8.1,55.6,46.5,43.5
2024-12-23 16:39:03,8.0,55.5,46.5,43.7
2024-12-23 16:39:08,8.0,55.5,46.6,43.6
2024-12-23 16:39:13,7.9,55.5,46.6,43.5
2024-12-23 16:39:18,7.7,55.5,46.6,43.5
2024-12-23 16:39:23,7.7,55.4,46.7,43.5
2024-12-23 16:39:29,7.9,55.5,46.8,43.6
2024-12-23 16:39:34,7.9,55.5,46.9,43.5
2024-12-23 16:39:39,8.0,55.5,46.9,43.5
2024-12-23 16:39:44,8.0,55.5,46.9,43.5
2024-12-23 16:39:49,8.0,55.4,46.9,43.7
2024-12-23 16:39:55,7.9,55.4,46.7,43.7
2024-12-23 16:40:00,7.7,55.4,46.7,43.6
2024-12-23 16:40:05,7.9,55.4,46.5,43.6
2024-12-23 16:40:10,7.9,55.5,46.4,43.4
2024-12-23 16:40:15,8.0,55.5,46.4,43.6
2024-12-23 16:40:21,7.7,55.0,46.5,43.6
2024-12-23 16:40:26,7.7,55.0,46.5,43.6
2024-12-23 16:40:31,7.7,55.0,46.5,43.6
2024-12-23 16:40:36,7.7,55.1,46.5,43.6
2024-12-23 16:40:41,7.8,55.1,46.6,43.7
2024-12-23 16:40:46,7.9,55.2,46.6,43.7
2024-12-23 16:40:52,7.9,55.2,46.7,43.5
2024-12-23 16:40:57,8.0,55.2,46.7,43.4
2024-12-23 16:41:02,8.0,55.3,46.8,43.4
2024-12-23 16:41:07,8.0,55.3,46.8,43.5
2024-12-23 16:41:12,8.0,55.3,46.7,43.4
2024-12-23 16:41:18,7.9,55.3,46.7,43.1
2024-12-23 16:41:23,7.9,55.3,46.7,43.6
2024-12-23 16:41:28,7.9,55.2,46.7,43.7
2024-12-23 16:41:33,8.0,55.2,46.3,43.6
2024-12-23 16:41:38,7.9,55.1,46.3,43.6
2024-12-23 16:41:43,8.0,55.2,45.9,43.6
2024-12-23 16:41:49,8.1,55.2,46.1,43.6
2024-12-23 16:41:54,8.1,55.2,46.2,43.6
2024-12-23 16:41:59,8.1,55.2,46.2,43.5
2024-12-23 16:42:04,8.4,55.1,46.3,44.0
2024-12-23 16:42:09,8.4,54.9,46.4,44.1
2024-12-23 16:42:15,8.4,54.5,46.6,43.8
2024-12-23 16:42:20,8.2,54.6,46.6,43.8
2024-12-23 16:42:25,8.0,54.7,46.4,43.7
2024-12-23 16:42:30,8.1,54.9,46.4,43.6
2024-12-23 16:42:35,8.4,55.0,46.5,43.5
2024-12-23 16:42:41,8.3,55.0,46.6,43.6
2024-12-23 16:42:46,8.2,55.0,46.5,43.5
2024-12-23 16:42:51,8.2,55.1,46.4,43.5
2024-12-23 16:42:56,8.2,55.1,46.3,43.5
2024-12-23 16:43:01,8.3,55.1,46.3,43.5
2024-12-23 16:43:06,8.3,55.1,46.3,43.7
2024-12-23 16:43:12,8.4,55.1,46.3,43.6
2024-12-23 16:43:17,8.2,55.1,46.4,43.7
2024-12-23 16:43:22,8.0,55.1,46.3,43.9
2024-12-23 16:43:27,7.9,55.1,45.8,43.7
2024-12-23 16:43:32,7.9,55.1,45.6,43.5
2024-12-23 16:43:37,7.9,55.0,45.7,43.6
2024-12-23 16:43:43,8.1,55.0,45.9,43.5
2024-12-23 16:43:48,8.1,55.0,46.0,43.8
2024-12-23 16:43:53,8.3,54.7,46.0,43.7
2024-12-23 16:43:58,8.4,54.7,46.0,43.7
2024-12-23 16:44:03,8.3,54.2,46.1,43.6
2024-12-23 16:44:08,8.4,54.9,46.0,43.5
2024-12-23 16:44:14,8.4,55.0,46.1,43.5
2024-12-23 16:44:19,8.2,55.0,46.2,43.9
2024-12-23 16:44:24,8.1,55.0,46.3,43.0
2024-12-23 16:44:29,8.1,55.0,46.3,44.1
2024-12-23 16:44:34,8.1,55.0,46.3,41.4
2024-12-23 16:44:40,8.0,55.0,46.3,42.7
2024-12-23 16:44:45,8.1,55.0,46.3,43.7
2024-12-23 16:44:50,8.0,54.8,46.4,44.0
2024-12-23 16:44:55,8.3,54.7,46.3,44.7
2024-12-23 16:45:00,8.1,54.5,46.2,42.7
2024-12-23 16:45:05,8.0,54.2,46.3,43.8
2024-12-23 16:45:11,8.0,54.4,46.5,44.5
2024-12-23 16:45:16,8.0,54.5,46.5,42.1
2024-12-23 16:45:21,7.8,54.0,46.4,43.4
2024-12-23 16:45:26,7.8,54.0,46.3,43.8
2024-12-23 16:45:31,7.9,54.3,46.2,44.1
2024-12-23 16:45:37,7.9,54.4,46.2,45.2
2024-12-23 16:45:42,7.8,54.5,46.2,45.1
2024-12-23 16:45:47,7.9,54.5,46.1,44.7
2024-12-23 16:45:52,7.9,54.6,46.1,44.7
2024-12-23 16:45:57,7.9,54.6,46.0,44.8
2024-12-23 16:46:03,7.8,54.7,46.0,44.5
2024-12-23 16:46:08,8.1,54.7,45.8,43.8
2024-12-23 16:46:13,7.9,54.6,45.6,44.6
2024-12-23 16:46:18,8.1,54.6,45.6,45.0
2024-12-23 16:46:23,8.4,54.6,45.6,44.3
2024-12-23 16:46:29,8.6,54.7,45.5,43.0
2024-12-23 16:46:34,8.3,54.7,45.4,44.5
2024-12-23 16:46:39,8.2,54.7,45.5,44.4
2024-12-23 16:46:44,8.1,54.7,45.6,44.8
2024-12-23 16:46:49,8.0,54.7,45.6,44.2
2024-12-23 16:46:54,8.1,54.7,45.7,44.5
2024-12-23 16:47:00,8.0,54.7,45.9,44.4
2024-12-23 16:47:05,8.1,54.7,45.9,44.0
2024-12-23 16:47:10,8.2,54.7,46.0,44.5
2024-12-23 16:47:15,8.1,54.6,46.0,43.0
2024-12-23 16:47:20,7.9,54.5,45.9,44.1
2024-12-23 16:47:26,7.9,54.5,45.9,43.6
2024-12-23 16:47:31,7.9,54.5,46.0,45.3
2024-12-23 16:47:36,7.9,54.5,45.9,44.1
2024-12-23 16:47:41,7.7,54.5,45.9,44.6
2024-12-23 16:47:46,7.7,54.5,45.9,44.0
2024-12-28 21:36:08,4.6,4.1,5.0,9.9
2024-12-28 21:36:14,4.6,4.1,4.4,9.9
2024-12-28 21:36:19,4.5,4.2,5.9,9.9
2024-12-28 21:36:24,4.6,4.2,6.2,9.9
2024-12-28 21:36:29,4.6,4.2,6.3,10.0
2024-12-28 21:36:34,4.5,4.2,6.4,10.0
2024-12-28 21:36:39,4.4,4.2,6.5,9.9
2024-12-28 21:36:45,4.4,4.2,6.5,9.9
2024-12-28 21:36:50,4.3,4.2,6.6,9.9
2024-12-28 21:36:55,4.3,4.2,6.6,9.9
2024-12-28 21:37:00,4.3,4.4,6.7,10.0
2024-12-28 21:37:05,4.3,4.9,6.8,10.1
2024-12-28 21:37:11,4.3,5.2,6.9,10.1
2024-12-28 21:37:16,4.3,5.2,7.0,10.1
2024-12-28 21:37:21,4.5,5.2,7.1,10.2
2024-12-28 21:37:26,4.6,5.3,7.1,10.1
2024-12-28 21:37:31,4.6,5.5,7.1,10.0
2024-12-28 21:37:37,4.7,8.0,7.1,10.1
2024-12-28 21:37:42,4.7,7.4,7.2,10.1
2024-12-28 21:37:47,4.6,8.9,7.3,9.9
2024-12-28 21:37:52,4.6,9.0,7.4,9.9
2024-12-28 21:37:57,4.8,8.5,7.1,9.9
2024-12-28 21:38:02,4.9,8.4,7.5,10.0
2024-12-28 21:38:08,4.9,8.2,7.6,9.9
2024-12-28 21:38:13,4.9,8.1,7.7,9.9
2024-12-28 21:38:18,4.8,8.2,7.7,10.0
2024-12-28 21:38:23,4.8,8.5,7.8,10.1
2024-12-28 21:38:28,4.7,8.5,7.9,10.1
2024-12-28 21:38:34,4.8,9.1,8.0,10.2
2024-12-28 21:38:39,4.9,9.9,8.0,10.2
2024-12-28 21:38:44,4.9,10.2,8.1,10.2
2024-12-28 21:38:49,4.9,10.4,8.2,10.2
2024-12-28 21:38:54,4.8,10.5,8.2,10.2
2024-12-28 21:39:00,4.6,10.6,8.2,10.2
2024-12-28 21:39:05,4.4,10.7,8.3,10.0
2024-12-28 21:39:10,4.5,10.7,8.3,9.9
2024-12-28 21:39:15,4.5,10.7,8.4,9.9
2024-12-28 21:39:20,4.5,10.7,8.4,9.9
2024-12-28 21:39:25,4.6,10.6,8.5,10.1
2024-12-28 21:39:31,4.8,10.6,8.5,10.1
2024-12-28 21:39:36,4.8,10.6,8.5,10.2
2024-12-28 21:39:41,4.7,10.6,8.5,10.2
2024-12-28 21:39:46,4.6,10.6,8.5,10.2
2024-12-28 21:39:51,4.4,10.5,8.6,10.1
2024-12-28 21:39:57,4.4,10.5,8.6,10.2
2024-12-28 21:40:02,4.2,10.5,8.6,10.1
2024-12-28 21:40:07,4.3,10.5,8.7,10.0
2024-12-28 21:40:12,4.4,10.5,8.7,10.1
2024-12-28 21:40:17,4.5,10.5,8.8,10.2
2024-12-28 21:40:23,4.5,10.5,8.8,10.2
2024-12-28 21:40:28,4.5,10.5,8.9,10.3
2024-12-28 21:40:33,4.5,10.5,8.7,10.3
2024-12-28 21:40:38,4.5,10.5,9.0,10.3
